sample_id,modality,subject_id,session_id,split,source_file,window_index,window_start_ms,window_end_ms,duration_ms,label_class,label_id,label_scheme,valid,valid_ratio,mask,feature_path,feature_shape,feature_dtype,extractor_name,extractor_version,error
01_P01_20231111_09_31_43_12,video,P01,P01_20231111_0931_43,val,"[""Upper_body_video_01/01_P01_20231111_09_31_43_12.mp4""]",0,0,10000,10000,No task,0,dcpt_video_6c_v1,true,1.000000,video_features_v1/01_P01_20231111_09_31_43_12.npz::valid_mask,video_features_v1/01_P01_20231111_09_31_43_12.npz,"[10, 512]",float32,torchvision_r3d_18,0.24.1_kinetics400_v1,
01_P01_20231111_09_35_02_12,video,P01,P01_20231111_0935_02,val,"[""Upper_body_video_01/01_P01_20231111_09_35_02_12.mp4""]",0,0,10000,10000,No task,0,dcpt_video_6c_v1,true,1.000000,video_features_v1/01_P01_20231111_09_35_02_12.npz::valid_mask,video_features_v1/01_P01_20231111_09_35_02_12.npz,"[10, 512]",float32,torchvision_r3d_18,0.24.1_kinetics400_v1,
01_P01_20231111_09_38_03_13,video,P01,P01_20231111_0938_03,val,"[""Upper_body_video_01/01_P01_20231111_09_38_03_13.mp4""]",0,0,10000,10000,No task,0,dcpt_video_6c_v1,true,1.000000,video_features_v1/01_P01_20231111_09_38_03_13.npz::valid_mask,video_features_v1/01_P01_20231111_09_38_03_13.npz,"[10, 512]",float32,torchvision_r3d_18,0.24.1_kinetics400_v1,
01_P01_20231111_09_45_07_13,video,P01,P01_20231111_0945_07,val,"[""Upper_body_video_01/01_P01_20231111_09_45_07_13.mp4""]",0,0,10000,10000,No task,0,dcpt_video_6c_v1,true,1.000000,video_features_v1/01_P01_20231111_09_45_07_13.npz::valid_mask,video_features_v1/01_P01_20231111_09_45_07_13.npz,"[10, 512]",float32,torchvision_r3d_18,0.24.1_kinetics400_v1,
01_P01_20231111_09_49_13_12,video,P01,P01_20231111_0949_13,val,"[""Upper_body_video_01/01_P01_20231111_09_49_13_12.mp4""]",0,0,10000,10000,No task,0,dcpt_video_6c_v1,true,1.000000,video_features_v1/01_P01_20231111_09_49_13_12.npz::valid_mask,video_features_v1/01_P01_20231111_09_49_13_12.npz,"[10, 512]",float32,torchvision_r3d_18,0.24.1_kinetics400_v1,
01_P02_20231114_13_59_17_11,video,P02,P02_20231114_1359_17,train,"[""Upper_body_video_01/01_P02_20231114_13_59_17_11.mp4""]",0,0,10000,10000,No task,0,dcpt_video_6c_v1,true,1.000000,video_features_v1/01_P02_20231114_13_59_17_11.npz::valid_mask,video_features_v1/01_P02_20231114_13_59_17_11.npz,"[10, 512]",float32,torchvision_r3d_18,0.24.1_kinetics400_v1,
01_P02_20231114_14_01_30_14,video,P02,P02_20231114_1401_30,train,"[""Upper_body_video_01/01_P02_20231114_14_01_30_14.mp4""]",0,0,10000,10000,No task,0,dcpt_video_6c_v1,true,1.000000,video_features_v1/01_P02_20231114_14_01_30_14.npz::valid_mask,video_features_v1/01_P02_20231114_14_01_30_14.npz,"[10, 512]",float32,torchvision_r3d_18,0.24.1_kinetics400_v1,
01_P02_20231114_14_06_27_18,video,P02,P02_20231114_1406_27,train,"[""Upper_body_video_01/01_P02_20231114_14_06_27_18.mp4""]",0,0,10000,10000,No task,0,dcpt_video_6c_v1,true,1.000000,video_features_v1/01_P02_20231114_14_06_27_18.npz::valid_mask,video_features_v1/01_P02_20231114_14_06_27_18.npz,"[10, 512]",float32,torchvision_r3d_18,0.24.1_kinetics400_v1,
01_P03_20231114_15_40_02_43,video,P03,P03_20231114_1540_02,val,"[""Upper_body_video_01/01_P03_20231114_15_40_02_43.mp4""]",0,0,10000,10000,No task,0,dcpt_video_6c_v1,true,1.000000,video_features_v1/01_P03_20231114_15_40_02_43.npz::valid_mask,video_features_v1/01_P03_20231114_15_40_02_43.npz,"[10, 512]",float32,torchvision_r3d_18,0.24.1_kinetics400_v1,
01_P03_20231114_15_41_47_22,video,P03,P03_20231114_1541_47,val,"[""Upper_body_video_01/01_P03_20231114_15_41_47_22.mp4""]",0,0,10000,10000,No task,0,dcpt_video_6c_v1,true,1.000000,video_features_v1/01_P03_20231114_15_41_47_22.npz::valid_mask,video_features_v1/01_P03_20231114_15_41_47_22.npz,"[10, 512]",float32,torchvision_r3d_18,0.24.1_kinetics400_v1,
01_P03_20231114_15_43_54_30,video,P03,P03_20231114_1543_54,val,"[""Upper_body_video_01/01_P03_20231114_15_43_54_30.mp4""]",0,0,10000,10000,No task,0,dcpt_video_6c_v1,true,1.000000,video_features_v1/01_P03_20231114_15_43_54_30.npz::valid_mask,video_features_v1/01_P03_20231114_15_43_54_30.npz,"[10, 512]",float32,torchvision_r3d_18,0.24.1_kinetics400_v1,
01_P04_20231115_18_45_03_21,video,P04,P04_20231115_1845_03,val,"[""Upper_body_video_01/01_P04_20231115_18_45_03_21.mp4""]",0,0,10000,10000,No task,0,dcpt_video_6c_v1,false,0.900000,video_features_v1/01_P04_20231115_18_45_03_21.npz::valid_mask,video_features_v1/01_P04_20231115_18_45_03_21.npz,"[10, 512]",float32,torchvision_r3d_18,0.24.1_kinetics400_v1,coverage_below_0.95
01_P04_20231115_18_47_32_15,video,P04,P04_20231115_1847_32,val,"[""Upper_body_video_01/01_P04_20231115_18_47_32_15.mp4""]",0,0,10000,10000,No task,0,dcpt_video_6c_v1,true,1.000000,video_features_v1/01_P04_20231115_18_47_32_15.npz::valid_mask,video_features_v1/01_P04_20231115_18_47_32_15.npz,"[10, 512]",float32,torchvision_r3d_18,0.24.1_kinetics400_v1,
01_P04_20231115_18_49_18_13,video,P04,P04_20231115_1849_18,val,"[""Upper_body_video_01/01_P04_20231115_18_49_18_13.mp4""]",0,0,10000,10000,No task,0,dcpt_video_6c_v1,true,1.000000,video_features_v1/01_P04_20231115_18_49_18_13.npz::valid_mask,video_features_v1/01_P04_20231115_18_49_18_13.npz,"[10, 512]",float32,torchvision_r3d_18,0.24.1_kinetics400_v1,
01_P05_20231116_10_33_05_21,video,P05,P05_20231116_1033_05,train,"[""Upper_body_video_01/01_P05_20231116_10_33_05_21.mp4""]",0,0,10000,10000,No task,0,dcpt_video_6c_v1,true,1.000000,video_features_v1/01_P05_20231116_10_33_05_21.npz::valid_mask,video_features_v1/01_P05_20231116_10_33_05_21.npz,"[10, 512]",float32,torchvision_r3d_18,0.24.1_kinetics400_v1,
01_P05_20231116_10_35_09_15,video,P05,P05_20231116_1035_09,train,"[""Upper_body_video_01/01_P05_20231116_10_35_09_15.mp4""]",0,0,10000,10000,No task,0,dcpt_video_6c_v1,true,1.000000,video_features_v1/01_P05_20231116_10_35_09_15.npz::valid_mask,video_features_v1/01_P05_20231116_10_35_09_15.npz,"[10, 512]",float32,torchvision_r3d_18,0.24.1_kinetics400_v1,
01_P05_20231116_10_38_41_11,video,P05,P05_20231116_1038_41,train,"[""Upper_body_video_01/01_P05_20231116_10_38_41_11.mp4""]",0,0,10000,10000,No task,0,dcpt_video_6c_v1,true,1.000000,video_features_v1/01_P05_20231116_10_38_41_11.npz::valid_mask,video_features_v1/01_P05_20231116_10_38_41_11.npz,"[10, 512]",float32,torchvision_r3d_18,0.24.1_kinetics400_v1,
01_P06_20231116_14_08_49_22,video,P06,P06_20231116_1408_49,train,"[""Upper_body_video_01/01_P06_20231116_14_08_49_22.mp4""]",0,0,10000,10000,No task,0,dcpt_video_6c_v1,true,1.000000,video_features_v1/01_P06_20231116_14_08_49_22.npz::valid_mask,video_features_v1/01_P06_20231116_14_08_49_22.npz,"[10, 512]",float32,torchvision_r3d_18,0.24.1_kinetics400_v1,
01_P06_20231116_14_11_09_24,video,P06,P06_20231116_1411_09,train,"[""Upper_body_video_01/01_P06_20231116_14_11_09_24.mp4""]",0,0,10000,10000,No task,0,dcpt_video_6c_v1,true,1.000000,video_features_v1/01_P06_20231116_14_11_09_24.npz::valid_mask,video_features_v1/01_P06_20231116_14_11_09_24.npz,"[10, 512]",float32,torchvision_r3d_18,0.24.1_kinetics400_v1,
01_P06_20231116_14_12_23_18,video,P06,P06_20231116_1412_23,train,"[""Upper_body_video_01/01_P06_20231116_14_12_23_18.mp4""]",0,0,10000,10000,No task,0,dcpt_video_6c_v1,true,1.000000,video_features_v1/01_P06_20231116_14_12_23_18.npz::valid_mask,video_features_v1/01_P06_20231116_14_12_23_18.npz,"[10, 512]",float32,torchvision_r3d_18,0.24.1_kinetics400_v1,
01_P07_20231116_16_28_41_20,video,P07,P07_20231116_1628_41,test,"[""Upper_body_video_01/01_P07_20231116_16_28_41_20.mp4""]",0,0,10000,10000,No task,0,dcpt_video_6c_v1,true,1.000000,video_features_v1/01_P07_20231116_16_28_41_20.npz::valid_mask,video_features_v1/01_P07_20231116_16_28_41_20.npz,"[10, 512]",float32,torchvision_r3d_18,0.24.1_kinetics400_v1,
01_P07_20231116_16_29_59_17,video,P07,P07_20231116_1629_59,test,"[""Upper_body_video_01/01_P07_20231116_16_29_59_17.mp4""]",0,0,10000,10000,No task,0,dcpt_video_6c_v1,true,1.000000,video_features_v1/01_P07_20231116_16_29_59_17.npz::valid_mask,video_features_v1/01_P07_20231116_16_29_59_17.npz,"[10, 512]",float32,torchvision_r3d_18,0.24.1_kinetics400_v1,
01_P07_20231116_16_31_19_22,video,P07,P07_20231116_1631_19,test,"[""Upper_body_video_01/01_P07_20231116_16_31_19_22.mp4""]",0,0,10000,10000,No task,0,dcpt_video_6c_v1,true,1.000000,video_features_v1/01_P07_20231116_16_31_19_22.npz::valid_mask,video_features_v1/01_P07_20231116_16_31_19_22.npz,"[10, 512]",float32,torchvision_r3d_18,0.24.1_kinetics400_v1,
01_P08_20231116_18_30_46_21,video,P08,P08_20231116_1830_46,test,"[""Upper_body_video_01/01_P08_20231116_18_30_46_21.mp4""]",0,0,10000,10000,No task,0,dcpt_video_6c_v1,true,1.000000,video_features_v1/01_P08_20231116_18_30_46_21.npz::valid_mask,video_features_v1/01_P08_20231116_18_30_46_21.npz,"[10, 512]",float32,torchvision_r3d_18,0.24.1_kinetics400_v1,
01_P08_20231116_18_32_00_15,video,P08,P08_20231116_1832_00,test,"[""Upper_body_video_01/01_P08_20231116_18_32_00_15.mp4""]",0,0,10000,10000,No task,0,dcpt_video_6c_v1,true,1.000000,video_features_v1/01_P08_20231116_18_32_00_15.npz::valid_mask,video_features_v1/01_P08_20231116_18_32_00_15.npz,"[10, 512]",float32,torchvision_r3d_18,0.24.1_kinetics400_v1,
01_P08_20231116_18_35_07_20,video,P08,P08_20231116_1835_07,test,"[""Upper_body_video_01/01_P08_20231116_18_35_07_20.mp4""]",0,0,10000,10000,No task,0,dcpt_video_6c_v1,true,1.000000,video_features_v1/01_P08_20231116_18_35_07_20.npz::valid_mask,video_features_v1/01_P08_20231116_18_35_07_20.npz,"[10, 512]",float32,torchvision_r3d_18,0.24.1_kinetics400_v1,
01_P09_20231117_09_27_35_19,video,P09,P09_20231117_0927_35,train,"[""Upper_body_video_01/01_P09_20231117_09_27_35_19.mp4""]",0,0,10000,10000,No task,0,dcpt_video_6c_v1,true,1.000000,video_features_v1/01_P09_20231117_09_27_35_19.npz::valid_mask,video_features_v1/01_P09_20231117_09_27_35_19.npz,"[10, 512]",float32,torchvision_r3d_18,0.24.1_kinetics400_v1,
01_P09_20231117_09_29_21_19,video,P09,P09_20231117_0929_21,train,"[""Upper_body_video_01/01_P09_20231117_09_29_21_19.mp4""]",0,0,10000,10000,No task,0,dcpt_video_6c_v1,true,1.000000,video_features_v1/01_P09_20231117_09_29_21_19.npz::valid_mask,video_features_v1/01_P09_20231117_09_29_21_19.npz,"[10, 512]",float32,torchvision_r3d_18,0.24.1_kinetics400_v1,
01_P09_20231117_09_31_24_11,video,P09,P09_20231117_0931_24,train,"[""Upper_body_video_01/01_P09_20231117_09_31_24_11.mp4""]",0,0,10000,10000,No task,0,dcpt_video_6c_v1,true,1.000000,video_features_v1/01_P09_20231117_09_31_24_11.npz::valid_mask,video_features_v1/01_P09_20231117_09_31_24_11.npz,"[10, 512]",float32,torchvision_r3d_18,0.24.1_kinetics400_v1,
01_P10_20231123_16_09_38_38,video,P10,P10_20231123_1609_38,val,"[""Upper_body_video_01/01_P10_20231123_16_09_38_38.mp4""]",0,0,10000,10000,No task,0,dcpt_video_6c_v1,true,1.000000,video_features_v1/01_P10_20231123_16_09_38_38.npz::valid_mask,video_features_v1/01_P10_20231123_16_09_38_38.npz,"[10, 512]",float32,torchvision_r3d_18,0.24.1_kinetics400_v1,
01_P10_20231123_16_11_43_22,video,P10,P10_20231123_1611_43,val,"[""Upper_body_video_01/01_P10_20231123_16_11_43_22.mp4""]",0,0,10000,10000,No task,0,dcpt_video_6c_v1,true,1.000000,video_features_v1/01_P10_20231123_16_11_43_22.npz::valid_mask,video_features_v1/01_P10_20231123_16_11_43_22.npz,"[10, 512]",float32,torchvision_r3d_18,0.24.1_kinetics400_v1,
01_P11_20231124_14_14_55_24,video,P11,P11_20231124_1414_55,train,"[""Upper_body_video_01/01_P11_20231124_14_14_55_24.mp4""]",0,0,10000,10000,No task,0,dcpt_video_6c_v1,true,1.000000,video_features_v1/01_P11_20231124_14_14_55_24.npz::valid_mask,video_features_v1/01_P11_20231124_14_14_55_24.npz,"[10, 512]",float32,torchvision_r3d_18,0.24.1_kinetics400_v1,
01_P11_20231124_14_16_49_18,video,P11,P11_20231124_1416_49,train,"[""Upper_body_video_01/01_P11_20231124_14_16_49_18.mp4""]",0,0,10000,10000,No task,0,dcpt_video_6c_v1,true,1.000000,video_features_v1/01_P11_20231124_14_16_49_18.npz::valid_mask,video_features_v1/01_P11_20231124_14_16_49_18.npz,"[10, 512]",float32,torchvision_r3d_18,0.24.1_kinetics400_v1,
01_P11_20231124_14_17_39_17,video,P11,P11_20231124_1417_39,train,"[""Upper_body_video_01/01_P11_20231124_14_17_39_17.mp4""]",0,0,10000,10000,No task,0,dcpt_video_6c_v1,true,1.000000,video_features_v1/01_P11_20231124_14_17_39_17.npz::valid_mask,video_features_v1/01_P11_20231124_14_17_39_17.npz,"[10, 512]",float32,torchvision_r3d_18,0.24.1_kinetics400_v1,
01_P12_20231125_14_08_35_21,video,P12,P12_20231125_1408_35,train,"[""Upper_body_video_01/01_P12_20231125_14_08_35_21.mp4""]",0,0,10000,10000,No task,0,dcpt_video_6c_v1,true,1.000000,video_features_v1/01_P12_20231125_14_08_35_21.npz::valid_mask,video_features_v1/01_P12_20231125_14_08_35_21.npz,"[10, 512]",float32,torchvision_r3d_18,0.24.1_kinetics400_v1,
01_P12_20231125_14_10_42_12,video,P12,P12_20231125_1410_42,train,"[""Upper_body_video_01/01_P12_20231125_14_10_42_12.mp4""]",0,0,10000,10000,No task,0,dcpt_video_6c_v1,true,1.000000,video_features_v1/01_P12_20231125_14_10_42_12.npz::valid_mask,video_features_v1/01_P12_20231125_14_10_42_12.npz,"[10, 512]",float32,torchvision_r3d_18,0.24.1_kinetics400_v1,
01_P12_20231125_14_12_29_17,video,P12,P12_20231125_1412_29,train,"[""Upper_body_video_01/01_P12_20231125_14_12_29_17.mp4""]",0,0,10000,10000,No task,0,dcpt_video_6c_v1,true,1.000000,video_features_v1/01_P12_20231125_14_12_29_17.npz::valid_mask,video_features_v1/01_P12_20231125_14_12_29_17.npz,"[10, 512]",float32,torchvision_r3d_18,0.24.1_kinetics400_v1,
01_P13_20231125_15_44_39_15,video,P13,P13_20231125_1544_39,train,"[""Upper_body_video_01/01_P13_20231125_15_44_39_15.mp4""]",0,0,10000,10000,No task,0,dcpt_video_6c_v1,true,1.000000,video_features_v1/01_P13_20231125_15_44_39_15.npz::valid_mask,video_features_v1/01_P13_20231125_15_44_39_15.npz,"[10, 512]",float32,torchvision_r3d_18,0.24.1_kinetics400_v1,
01_P13_20231125_15_46_03_17,video,P13,P13_20231125_1546_03,train,"[""Upper_body_video_01/01_P13_20231125_15_46_03_17.mp4""]",0,0,10000,10000,No task,0,dcpt_video_6c_v1,true,1.000000,video_features_v1/01_P13_20231125_15_46_03_17.npz::valid_mask,video_features_v1/01_P13_20231125_15_46_03_17.npz,"[10, 512]",float32,torchvision_r3d_18,0.24.1_kinetics400_v1,
01_P13_20231125_15_47_59_12,video,P13,P13_20231125_1547_59,train,"[""Upper_body_video_01/01_P13_20231125_15_47_59_12.mp4""]",0,0,10000,10000,No task,0,dcpt_video_6c_v1,true,1.000000,video_features_v1/01_P13_20231125_15_47_59_12.npz::valid_mask,video_features_v1/01_P13_20231125_15_47_59_12.npz,"[10, 512]",float32,torchvision_r3d_18,0.24.1_kinetics400_v1,
01_P14_20231128_14_34_21_19,video,P14,P14_20231128_1434_21,train,"[""Upper_body_video_01/01_P14_20231128_14_34_21_19.mp4""]",0,0,10000,10000,No task,0,dcpt_video_6c_v1,true,1.000000,video_features_v1/01_P14_20231128_14_34_21_19.npz::valid_mask,video_features_v1/01_P14_20231128_14_34_21_19.npz,"[10, 512]",float32,torchvision_r3d_18,0.24.1_kinetics400_v1,
01_P14_20231128_14_37_37_17,video,P14,P14_20231128_1437_37,train,"[""Upper_body_video_01/01_P14_20231128_14_37_37_17.mp4""]",0,0,10000,10000,No task,0,dcpt_video_6c_v1,true,1.000000,video_features_v1/01_P14_20231128_14_37_37_17.npz::valid_mask,video_features_v1/01_P14_20231128_14_37_37_17.npz,"[10, 512]",float32,torchvision_r3d_18,0.24.1_kinetics400_v1,
01_P14_20231128_14_38_39_14,video,P14,P14_20231128_1438_39,train,"[""Upper_body_video_01/01_P14_20231128_14_38_39_14.mp4""]",0,0,10000,10000,No task,0,dcpt_video_6c_v1,true,1.000000,video_features_v1/01_P14_20231128_14_38_39_14.npz::valid_mask,video_features_v1/01_P14_20231128_14_38_39_14.npz,"[10, 512]",float32,torchvision_r3d_18,0.24.1_kinetics400_v1,
01_P15_20231128_15_52_35_16,video,P15,P15_20231128_1552_35,test,"[""Upper_body_video_01/01_P15_20231128_15_52_35_16.mp4""]",0,0,10000,10000,No task,0,dcpt_video_6c_v1,false,0.900000,video_features_v1/01_P15_20231128_15_52_35_16.npz::valid_mask,video_features_v1/01_P15_20231128_15_52_35_16.npz,"[10, 512]",float32,torchvision_r3d_18,0.24.1_kinetics400_v1,coverage_below_0.95
01_P15_20231128_15_56_53_12,video,P15,P15_20231128_1556_53,test,"[""Upper_body_video_01/01_P15_20231128_15_56_53_12.mp4""]",0,0,10000,10000,No task,0,dcpt_video_6c_v1,true,1.000000,video_features_v1/01_P15_20231128_15_56_53_12.npz::valid_mask,video_features_v1/01_P15_20231128_15_56_53_12.npz,"[10, 512]",float32,torchvision_r3d_18,0.24.1_kinetics400_v1,
01_P16_20231130_13_09_24_21,video,P16,P16_20231130_1309_24,train,"[""Upper_body_video_01/01_P16_20231130_13_09_24_21.mp4""]",0,0,10000,10000,No task,0,dcpt_video_6c_v1,true,1.000000,video_features_v1/01_P16_20231130_13_09_24_21.npz::valid_mask,video_features_v1/01_P16_20231130_13_09_24_21.npz,"[10, 512]",float32,torchvision_r3d_18,0.24.1_kinetics400_v1,
01_P17_20231130_14_27_10_29,video,P17,P17_20231130_1427_10,train,"[""Upper_body_video_01/01_P17_20231130_14_27_10_29.mp4""]",0,0,10000,10000,No task,0,dcpt_video_6c_v1,true,1.000000,video_features_v1/01_P17_20231130_14_27_10_29.npz::valid_mask,video_features_v1/01_P17_20231130_14_27_10_29.npz,"[10, 512]",float32,torchvision_r3d_18,0.24.1_kinetics400_v1,
01_P17_20231130_14_28_18_29,video,P17,P17_20231130_1428_18,train,"[""Upper_body_video_01/01_P17_20231130_14_28_18_29.mp4""]",0,0,10000,10000,No task,0,dcpt_video_6c_v1,true,1.000000,video_features_v1/01_P17_20231130_14_28_18_29.npz::valid_mask,video_features_v1/01_P17_20231130_14_28_18_29.npz,"[10, 512]",float32,torchvision_r3d_18,0.24.1_kinetics400_v1,
01_P17_20231130_14_29_50_28,video,P17,P17_20231130_1429_50,train,"[""Upper_body_video_01/01_P17_20231130_14_29_50_28.mp4""]",0,0,10000,10000,No task,0,dcpt_video_6c_v1,true,1.000000,video_features_v1/01_P17_20231130_14_29_50_28.npz::valid_mask,video_features_v1/01_P17_20231130_14_29_50_28.npz,"[10, 512]",float32,torchvision_r3d_18,0.24.1_kinetics400_v1,
01_P18_20231130_18_39_50_21,video,P18,P18_20231130_1839_50,train,"[""Upper_body_video_01/01_P18_20231130_18_39_50_21.mp4""]",0,0,10000,10000,No task,0,dcpt_video_6c_v1,true,1.000000,video_features_v1/01_P18_20231130_18_39_50_21.npz::valid_mask,video_features_v1/01_P18_20231130_18_39_50_21.npz,"[10, 512]",float32,torchvision_r3d_18,0.24.1_kinetics400_v1,
01_P18_20231130_18_41_02_21,video,P18,P18_20231130_1841_02,train,"[""Upper_body_video_01/01_P18_20231130_18_41_02_21.mp4""]",0,0,10000,10000,No task,0,dcpt_video_6c_v1,true,1.000000,video_features_v1/01_P18_20231130_18_41_02_21.npz::valid_mask,video_features_v1/01_P18_20231130_18_41_02_21.npz,"[10, 512]",float32,torchvision_r3d_18,0.24.1_kinetics400_v1,
01_P18_20231130_18_42_10_17,video,P18,P18_20231130_1842_10,train,"[""Upper_body_video_01/01_P18_20231130_18_42_10_17.mp4""]",0,0,10000,10000,No task,0,dcpt_video_6c_v1,true,1.000000,video_features_v1/01_P18_20231130_18_42_10_17.npz::valid_mask,video_features_v1/01_P18_20231130_18_42_10_17.npz,"[10, 512]",float32,torchvision_r3d_18,0.24.1_kinetics400_v1,
01_P19_20231201_11_36_20_25,video,P19,P19_20231201_1136_20,train,"[""Upper_body_video_01/01_P19_20231201_11_36_20_25.mp4""]",0,0,10000,10000,No task,0,dcpt_video_6c_v1,true,1.000000,video_features_v1/01_P19_20231201_11_36_20_25.npz::valid_mask,video_features_v1/01_P19_20231201_11_36_20_25.npz,"[10, 512]",float32,torchvision_r3d_18,0.24.1_kinetics400_v1,
01_P19_20231201_11_37_20_20,video,P19,P19_20231201_1137_20,train,"[""Upper_body_video_01/01_P19_20231201_11_37_20_20.mp4""]",0,0,10000,10000,No task,0,dcpt_video_6c_v1,true,1.000000,video_features_v1/01_P19_20231201_11_37_20_20.npz::valid_mask,video_features_v1/01_P19_20231201_11_37_20_20.npz,"[10, 512]",float32,torchvision_r3d_18,0.24.1_kinetics400_v1,
01_P19_20231201_11_38_37_15,video,P19,P19_20231201_1138_37,train,"[""Upper_body_video_01/01_P19_20231201_11_38_37_15.mp4""]",0,0,10000,10000,No task,0,dcpt_video_6c_v1,true,1.000000,video_features_v1/01_P19_20231201_11_38_37_15.npz::valid_mask,video_features_v1/01_P19_20231201_11_38_37_15.npz,"[10, 512]",float32,torchvision_r3d_18,0.24.1_kinetics400_v1,
01_P20_20231201_15_52_10_19,video,P20,P20_20231201_1552_10,val,"[""Upper_body_video_01/01_P20_20231201_15_52_10_19.mp4""]",0,0,10000,10000,No task,0,dcpt_video_6c_v1,true,1.000000,video_features_v1/01_P20_20231201_15_52_10_19.npz::valid_mask,video_features_v1/01_P20_20231201_15_52_10_19.npz,"[10, 512]",float32,torchvision_r3d_18,0.24.1_kinetics400_v1,
01_P20_20231201_15_54_22_16,video,P20,P20_20231201_1554_22,val,"[""Upper_body_video_01/01_P20_20231201_15_54_22_16.mp4""]",0,0,10000,10000,No task,0,dcpt_video_6c_v1,true,1.000000,video_features_v1/01_P20_20231201_15_54_22_16.npz::valid_mask,video_features_v1/01_P20_20231201_15_54_22_16.npz,"[10, 512]",float32,torchvision_r3d_18,0.24.1_kinetics400_v1,
01_P20_20231201_15_56_29_15,video,P20,P20_20231201_1556_29,val,"[""Upper_body_video_01/01_P20_20231201_15_56_29_15.mp4""]",0,0,10000,10000,No task,0,dcpt_video_6c_v1,true,1.000000,video_features_v1/01_P20_20231201_15_56_29_15.npz::valid_mask,video_features_v1/01_P20_20231201_15_56_29_15.npz,"[10, 512]",float32,torchvision_r3d_18,0.24.1_kinetics400_v1,
01_P21_20231207_14_21_56_19,video,P21,P21_20231207_1421_56,test,"[""Upper_body_video_01/01_P21_20231207_14_21_56_19.mp4""]",0,0,10000,10000,No task,0,dcpt_video_6c_v1,true,1.000000,video_features_v1/01_P21_20231207_14_21_56_19.npz::valid_mask,video_features_v1/01_P21_20231207_14_21_56_19.npz,"[10, 512]",float32,torchvision_r3d_18,0.24.1_kinetics400_v1,
01_P21_20231207_14_26_05_12,video,P21,P21_20231207_1426_05,test,"[""Upper_body_video_01/01_P21_20231207_14_26_05_12.mp4""]",0,0,10000,10000,No task,0,dcpt_video_6c_v1,true,1.000000,video_features_v1/01_P21_20231207_14_26_05_12.npz::valid_mask,video_features_v1/01_P21_20231207_14_26_05_12.npz,"[10, 512]",float32,torchvision_r3d_18,0.24.1_kinetics400_v1,
01_P21_20231207_14_27_31_09,video,P21,P21_20231207_1427_31,test,"[""Upper_body_video_01/01_P21_20231207_14_27_31_09.mp4""]",0,0,10000,10000,No task,0,dcpt_video_6c_v1,true,1.000000,video_features_v1/01_P21_20231207_14_27_31_09.npz::valid_mask,video_features_v1/01_P21_20231207_14_27_31_09.npz,"[10, 512]",float32,torchvision_r3d_18,0.24.1_kinetics400_v1,
01_P22_20231207_15_38_37_19,video,P22,P22_20231207_1538_37,train,"[""Upper_body_video_01/01_P22_20231207_15_38_37_19.mp4""]",0,0,10000,10000,No task,0,dcpt_video_6c_v1,true,1.000000,video_features_v1/01_P22_20231207_15_38_37_19.npz::valid_mask,video_features_v1/01_P22_20231207_15_38_37_19.npz,"[10, 512]",float32,torchvision_r3d_18,0.24.1_kinetics400_v1,
01_P22_20231207_15_39_59_14,video,P22,P22_20231207_1539_59,train,"[""Upper_body_video_01/01_P22_20231207_15_39_59_14.mp4""]",0,0,10000,10000,No task,0,dcpt_video_6c_v1,true,1.000000,video_features_v1/01_P22_20231207_15_39_59_14.npz::valid_mask,video_features_v1/01_P22_20231207_15_39_59_14.npz,"[10, 512]",float32,torchvision_r3d_18,0.24.1_kinetics400_v1,
01_P22_20231207_15_40_49_14,video,P22,P22_20231207_1540_49,train,"[""Upper_body_video_01/01_P22_20231207_15_40_49_14.mp4""]",0,0,10000,10000,No task,0,dcpt_video_6c_v1,false,0.900000,video_features_v1/01_P22_20231207_15_40_49_14.npz::valid_mask,video_features_v1/01_P22_20231207_15_40_49_14.npz,"[10, 512]",float32,torchvision_r3d_18,0.24.1_kinetics400_v1,coverage_below_0.95
01_P23_20231208_09_10_07_27,video,P23,P23_20231208_0910_07,train,"[""Upper_body_video_01/01_P23_20231208_09_10_07_27.mp4""]",0,0,10000,10000,No task,0,dcpt_video_6c_v1,true,1.000000,video_features_v1/01_P23_20231208_09_10_07_27.npz::valid_mask,video_features_v1/01_P23_20231208_09_10_07_27.npz,"[10, 512]",float32,torchvision_r3d_18,0.24.1_kinetics400_v1,
01_P23_20231208_09_11_47_21,video,P23,P23_20231208_0911_47,train,"[""Upper_body_video_01/01_P23_20231208_09_11_47_21.mp4""]",0,0,10000,10000,No task,0,dcpt_video_6c_v1,true,1.000000,video_features_v1/01_P23_20231208_09_11_47_21.npz::valid_mask,video_features_v1/01_P23_20231208_09_11_47_21.npz,"[10, 512]",float32,torchvision_r3d_18,0.24.1_kinetics400_v1,
01_P23_20231208_09_13_13_26,video,P23,P23_20231208_0913_13,train,"[""Upper_body_video_01/01_P23_20231208_09_13_13_26.mp4""]",0,0,10000,10000,No task,0,dcpt_video_6c_v1,true,1.000000,video_features_v1/01_P23_20231208_09_13_13_26.npz::valid_mask,video_features_v1/01_P23_20231208_09_13_13_26.npz,"[10, 512]",float32,torchvision_r3d_18,0.24.1_kinetics400_v1,
01_P24_20231208_14_46_46_33,video,P24,P24_20231208_1446_46,train,"[""Upper_body_video_01/01_P24_20231208_14_46_46_33.mp4""]",0,0,10000,10000,No task,0,dcpt_video_6c_v1,true,1.000000,video_features_v1/01_P24_20231208_14_46_46_33.npz::valid_mask,video_features_v1/01_P24_20231208_14_46_46_33.npz,"[10, 512]",float32,torchvision_r3d_18,0.24.1_kinetics400_v1,
01_P24_20231208_14_48_01_27,video,P24,P24_20231208_1448_01,train,"[""Upper_body_video_01/01_P24_20231208_14_48_01_27.mp4""]",0,0,10000,10000,No task,0,dcpt_video_6c_v1,true,1.000000,video_features_v1/01_P24_20231208_14_48_01_27.npz::valid_mask,video_features_v1/01_P24_20231208_14_48_01_27.npz,"[10, 512]",float32,torchvision_r3d_18,0.24.1_kinetics400_v1,
01_P24_20231208_14_49_48_27,video,P24,P24_20231208_1449_48,train,"[""Upper_body_video_01/01_P24_20231208_14_49_48_27.mp4""]",0,0,10000,10000,No task,0,dcpt_video_6c_v1,true,1.000000,video_features_v1/01_P24_20231208_14_49_48_27.npz::valid_mask,video_features_v1/01_P24_20231208_14_49_48_27.npz,"[10, 512]",float32,torchvision_r3d_18,0.24.1_kinetics400_v1,
01_P25_20231208_15_42_34_18,video,P25,P25_20231208_1542_34,train,"[""Upper_body_video_01/01_P25_20231208_15_42_34_18.mp4""]",0,0,10000,10000,No task,0,dcpt_video_6c_v1,true,1.000000,video_features_v1/01_P25_20231208_15_42_34_18.npz::valid_mask,video_features_v1/01_P25_20231208_15_42_34_18.npz,"[10, 512]",float32,torchvision_r3d_18,0.24.1_kinetics400_v1,
01_P25_20231208_15_43_52_16,video,P25,P25_20231208_1543_52,train,"[""Upper_body_video_01/01_P25_20231208_15_43_52_16.mp4""]",0,0,10000,10000,No task,0,dcpt_video_6c_v1,true,1.000000,video_features_v1/01_P25_20231208_15_43_52_16.npz::valid_mask,video_features_v1/01_P25_20231208_15_43_52_16.npz,"[10, 512]",float32,torchvision_r3d_18,0.24.1_kinetics400_v1,
01_P25_20231208_15_45_39_21,video,P25,P25_20231208_1545_39,train,"[""Upper_body_video_01/01_P25_20231208_15_45_39_21.mp4""]",0,0,10000,10000,No task,0,dcpt_video_6c_v1,true,1.000000,video_features_v1/01_P25_20231208_15_45_39_21.npz::valid_mask,video_features_v1/01_P25_20231208_15_45_39_21.npz,"[10, 512]",float32,torchvision_r3d_18,0.24.1_kinetics400_v1,
01_P26_20231208_18_51_00_28,video,P26,P26_20231208_1851_00,train,"[""Upper_body_video_01/01_P26_20231208_18_51_00_28.mp4""]",0,0,10000,10000,No task,0,dcpt_video_6c_v1,true,1.000000,video_features_v1/01_P26_20231208_18_51_00_28.npz::valid_mask,video_features_v1/01_P26_20231208_18_51_00_28.npz,"[10, 512]",float32,torchvision_r3d_18,0.24.1_kinetics400_v1,
01_P26_20231208_18_52_12_41,video,P26,P26_20231208_1852_12,train,"[""Upper_body_video_01/01_P26_20231208_18_52_12_41.mp4""]",0,0,10000,10000,No task,0,dcpt_video_6c_v1,true,1.000000,video_features_v1/01_P26_20231208_18_52_12_41.npz::valid_mask,video_features_v1/01_P26_20231208_18_52_12_41.npz,"[10, 512]",float32,torchvision_r3d_18,0.24.1_kinetics400_v1,
01_P26_20231208_18_53_25_44,video,P26,P26_20231208_1853_25,train,"[""Upper_body_video_01/01_P26_20231208_18_53_25_44.mp4""]",0,0,10000,10000,No task,0,dcpt_video_6c_v1,true,1.000000,video_features_v1/01_P26_20231208_18_53_25_44.npz::valid_mask,video_features_v1/01_P26_20231208_18_53_25_44.npz,"[10, 512]",float32,torchvision_r3d_18,0.24.1_kinetics400_v1,
01_P27_20231226_14_20_11_28,video,P27,P27_20231226_1420_11,test,"[""Upper_body_video_01/01_P27_20231226_14_20_11_28.mp4""]",0,0,10000,10000,No task,0,dcpt_video_6c_v1,true,1.000000,video_features_v1/01_P27_20231226_14_20_11_28.npz::valid_mask,video_features_v1/01_P27_20231226_14_20_11_28.npz,"[10, 512]",float32,torchvision_r3d_18,0.24.1_kinetics400_v1,
01_P27_20231226_14_21_56_12,video,P27,P27_20231226_1421_56,test,"[""Upper_body_video_01/01_P27_20231226_14_21_56_12.mp4""]",0,0,10000,10000,No task,0,dcpt_video_6c_v1,true,1.000000,video_features_v1/01_P27_20231226_14_21_56_12.npz::valid_mask,video_features_v1/01_P27_20231226_14_21_56_12.npz,"[10, 512]",float32,torchvision_r3d_18,0.24.1_kinetics400_v1,
01_P27_20231226_14_23_13_20,video,P27,P27_20231226_1423_13,test,"[""Upper_body_video_01/01_P27_20231226_14_23_13_20.mp4""]",0,0,10000,10000,No task,0,dcpt_video_6c_v1,true,1.000000,video_features_v1/01_P27_20231226_14_23_13_20.npz::valid_mask,video_features_v1/01_P27_20231226_14_23_13_20.npz,"[10, 512]",float32,torchvision_r3d_18,0.24.1_kinetics400_v1,
01_P28_20231226_15_37_44_10,video,P28,P28_20231226_1537_44,train,"[""Upper_body_video_01/01_P28_20231226_15_37_44_10.mp4""]",0,0,10000,10000,No task,0,dcpt_video_6c_v1,true,1.000000,video_features_v1/01_P28_20231226_15_37_44_10.npz::valid_mask,video_features_v1/01_P28_20231226_15_37_44_10.npz,"[10, 512]",float32,torchvision_r3d_18,0.24.1_kinetics400_v1,
01_P28_20231226_15_39_06_12,video,P28,P28_20231226_1539_06,train,"[""Upper_body_video_01/01_P28_20231226_15_39_06_12.mp4""]",0,0,10000,10000,No task,0,dcpt_video_6c_v1,true,1.000000,video_features_v1/01_P28_20231226_15_39_06_12.npz::valid_mask,video_features_v1/01_P28_20231226_15_39_06_12.npz,"[10, 512]",float32,torchvision_r3d_18,0.24.1_kinetics400_v1,
01_P28_20231226_15_40_13_09,video,P28,P28_20231226_1540_13,train,"[""Upper_body_video_01/01_P28_20231226_15_40_13_09.mp4""]",0,0,10000,10000,No task,0,dcpt_video_6c_v1,true,1.000000,video_features_v1/01_P28_20231226_15_40_13_09.npz::valid_mask,video_features_v1/01_P28_20231226_15_40_13_09.npz,"[10, 512]",float32,torchvision_r3d_18,0.24.1_kinetics400_v1,
01_P29_20231229_08_51_35_28,video,P29,P29_20231229_0851_35,val,"[""Upper_body_video_01/01_P29_20231229_08_51_35_28.mp4""]",0,0,10000,10000,No task,0,dcpt_video_6c_v1,true,1.000000,video_features_v1/01_P29_20231229_08_51_35_28.npz::valid_mask,video_features_v1/01_P29_20231229_08_51_35_28.npz,"[10, 512]",float32,torchvision_r3d_18,0.24.1_kinetics400_v1,
01_P29_20231229_08_52_53_29,video,P29,P29_20231229_0852_53,val,"[""Upper_body_video_01/01_P29_20231229_08_52_53_29.mp4""]",0,0,10000,10000,No task,0,dcpt_video_6c_v1,true,1.000000,video_features_v1/01_P29_20231229_08_52_53_29.npz::valid_mask,video_features_v1/01_P29_20231229_08_52_53_29.npz,"[10, 512]",float32,torchvision_r3d_18,0.24.1_kinetics400_v1,
01_P29_20231229_08_55_22_17,video,P29,P29_20231229_0855_22,val,"[""Upper_body_video_01/01_P29_20231229_08_55_22_17.mp4""]",0,0,10000,10000,No task,0,dcpt_video_6c_v1,true,1.000000,video_features_v1/01_P29_20231229_08_55_22_17.npz::valid_mask,video_features_v1/01_P29_20231229_08_55_22_17.npz,"[10, 512]",float32,torchvision_r3d_18,0.24.1_kinetics400_v1,
01_P30_20231229_14_21_30_10,video,P30,P30_20231229_1421_30,train,"[""Upper_body_video_01/01_P30_20231229_14_21_30_10.mp4""]",0,0,10000,10000,No task,0,dcpt_video_6c_v1,true,1.000000,video_features_v1/01_P30_20231229_14_21_30_10.npz::valid_mask,video_features_v1/01_P30_20231229_14_21_30_10.npz,"[10, 512]",float32,torchvision_r3d_18,0.24.1_kinetics400_v1,
01_P30_20231229_14_22_30_11,video,P30,P30_20231229_1422_30,train,"[""Upper_body_video_01/01_P30_20231229_14_22_30_11.mp4""]",0,0,10000,10000,No task,0,dcpt_video_6c_v1,true,1.000000,video_features_v1/01_P30_20231229_14_22_30_11.npz::valid_mask,video_features_v1/01_P30_20231229_14_22_30_11.npz,"[10, 512]",float32,torchvision_r3d_18,0.24.1_kinetics400_v1,
01_P30_20231229_14_23_35_11,video,P30,P30_20231229_1423_35,train,"[""Upper_body_video_01/01_P30_20231229_14_23_35_11.mp4""]",0,0,10000,10000,No task,0,dcpt_video_6c_v1,true,1.000000,video_features_v1/01_P30_20231229_14_23_35_11.npz::valid_mask,video_features_v1/01_P30_20231229_14_23_35_11.npz,"[10, 512]",float32,torchvision_r3d_18,0.24.1_kinetics400_v1,
01_P31_20231229_15_34_19_17,video,P31,P31_20231229_1534_19,train,"[""Upper_body_video_01/01_P31_20231229_15_34_19_17.mp4""]",0,0,10000,10000,No task,0,dcpt_video_6c_v1,true,1.000000,video_features_v1/01_P31_20231229_15_34_19_17.npz::valid_mask,video_features_v1/01_P31_20231229_15_34_19_17.npz,"[10, 512]",float32,torchvision_r3d_18,0.24.1_kinetics400_v1,
01_P31_20231229_15_37_09_18,video,P31,P31_20231229_1537_09,train,"[""Upper_body_video_01/01_P31_20231229_15_37_09_18.mp4""]",0,0,10000,10000,No task,0,dcpt_video_6c_v1,true,1.000000,video_features_v1/01_P31_20231229_15_37_09_18.npz::valid_mask,video_features_v1/01_P31_20231229_15_37_09_18.npz,"[10, 512]",float32,torchvision_r3d_18,0.24.1_kinetics400_v1,
01_P32_20231229_18_34_17_16,video,P32,P32_20231229_1834_17,test,"[""Upper_body_video_01/01_P32_20231229_18_34_17_16.mp4""]",0,0,10000,10000,No task,0,dcpt_video_6c_v1,true,1.000000,video_features_v1/01_P32_20231229_18_34_17_16.npz::valid_mask,video_features_v1/01_P32_20231229_18_34_17_16.npz,"[10, 512]",float32,torchvision_r3d_18,0.24.1_kinetics400_v1,
01_P32_20231229_18_36_49_14,video,P32,P32_20231229_1836_49,test,"[""Upper_body_video_01/01_P32_20231229_18_36_49_14.mp4""]",0,0,10000,10000,No task,0,dcpt_video_6c_v1,true,1.000000,video_features_v1/01_P32_20231229_18_36_49_14.npz::valid_mask,video_features_v1/01_P32_20231229_18_36_49_14.npz,"[10, 512]",float32,torchvision_r3d_18,0.24.1_kinetics400_v1,
01_P32_20231229_18_37_50_11,video,P32,P32_20231229_1837_50,test,"[""Upper_body_video_01/01_P32_20231229_18_37_50_11.mp4""]",0,0,10000,10000,No task,0,dcpt_video_6c_v1,true,1.000000,video_features_v1/01_P32_20231229_18_37_50_11.npz::valid_mask,video_features_v1/01_P32_20231229_18_37_50_11.npz,"[10, 512]",float32,torchvision_r3d_18,0.24.1_kinetics400_v1,
01_P33_20240108_15_40_00_14,video,P33,P33_20240108_1540_00,test,"[""Upper_body_video_01/01_P33_20240108_15_40_00_14.mp4""]",0,0,10000,10000,No task,0,dcpt_video_6c_v1,true,1.000000,video_features_v1/01_P33_20240108_15_40_00_14.npz::valid_mask,video_features_v1/01_P33_20240108_15_40_00_14.npz,"[10, 512]",float32,torchvision_r3d_18,0.24.1_kinetics400_v1,
01_P33_20240108_15_43_09_17,video,P33,P33_20240108_1543_09,test,"[""Upper_body_video_01/01_P33_20240108_15_43_09_17.mp4""]",0,0,10000,10000,No task,0,dcpt_video_6c_v1,false,0.900000,video_features_v1/01_P33_20240108_15_43_09_17.npz::valid_mask,video_features_v1/01_P33_20240108_15_43_09_17.npz,"[10, 512]",float32,torchvision_r3d_18,0.24.1_kinetics400_v1,coverage_below_0.95
01_P33_20240108_15_44_46_10,video,P33,P33_20240108_1544_46,test,"[""Upper_body_video_01/01_P33_20240108_15_44_46_10.mp4""]",0,0,10000,10000,No task,0,dcpt_video_6c_v1,true,1.000000,video_features_v1/01_P33_20240108_15_44_46_10.npz::valid_mask,video_features_v1/01_P33_20240108_15_44_46_10.npz,"[10, 512]",float32,torchvision_r3d_18,0.24.1_kinetics400_v1,
01_P34_20240108_14_27_13_19,video,P34,P34_20240108_1427_13,val,"[""Upper_body_video_01/01_P34_20240108_14_27_13_19.mp4""]",0,0,10000,10000,No task,0,dcpt_video_6c_v1,true,1.000000,video_features_v1/01_P34_20240108_14_27_13_19.npz::valid_mask,video_features_v1/01_P34_20240108_14_27_13_19.npz,"[10, 512]",float32,torchvision_r3d_18,0.24.1_kinetics400_v1,
01_P34_20240108_14_28_20_19,video,P34,P34_20240108_1428_20,val,"[""Upper_body_video_01/01_P34_20240108_14_28_20_19.mp4""]",0,0,10000,10000,No task,0,dcpt_video_6c_v1,true,1.000000,video_features_v1/01_P34_20240108_14_28_20_19.npz::valid_mask,video_features_v1/01_P34_20240108_14_28_20_19.npz,"[10, 512]",float32,torchvision_r3d_18,0.24.1_kinetics400_v1,
01_P34_20240108_14_29_24_13,video,P34,P34_20240108_1429_24,val,"[""Upper_body_video_01/01_P34_20240108_14_29_24_13.mp4""]",0,0,10000,10000,No task,0,dcpt_video_6c_v1,true,1.000000,video_features_v1/01_P34_20240108_14_29_24_13.npz::valid_mask,video_features_v1/01_P34_20240108_14_29_24_13.npz,"[10, 512]",float32,torchvision_r3d_18,0.24.1_kinetics400_v1,
01_P35_20240109_09_06_34_19,video,P35,P35_20240109_0906_34,train,"[""Upper_body_video_01/01_P35_20240109_09_06_34_19.mp4""]",0,0,10000,10000,No task,0,dcpt_video_6c_v1,true,1.000000,video_features_v1/01_P35_20240109_09_06_34_19.npz::valid_mask,video_features_v1/01_P35_20240109_09_06_34_19.npz,"[10, 512]",float32,torchvision_r3d_18,0.24.1_kinetics400_v1,
01_P35_20240109_09_07_39_13,video,P35,P35_20240109_0907_39,train,"[""Upper_body_video_01/01_P35_20240109_09_07_39_13.mp4""]",0,0,10000,10000,No task,0,dcpt_video_6c_v1,true,1.000000,video_features_v1/01_P35_20240109_09_07_39_13.npz::valid_mask,video_features_v1/01_P35_20240109_09_07_39_13.npz,"[10, 512]",float32,torchvision_r3d_18,0.24.1_kinetics400_v1,
01_P35_20240109_09_08_49_14,video,P35,P35_20240109_0908_49,train,"[""Upper_body_video_01/01_P35_20240109_09_08_49_14.mp4""]",0,0,10000,10000,No task,0,dcpt_video_6c_v1,true,1.000000,video_features_v1/01_P35_20240109_09_08_49_14.npz::valid_mask,video_features_v1/01_P35_20240109_09_08_49_14.npz,"[10, 512]",float32,torchvision_r3d_18,0.24.1_kinetics400_v1,
01_P36_20240109_16_34_39_39,video,P36,P36_20240109_1634_39,train,"[""Upper_body_video_01/01_P36_20240109_16_34_39_39.mp4""]",0,0,10000,10000,No task,0,dcpt_video_6c_v1,true,1.000000,video_features_v1/01_P36_20240109_16_34_39_39.npz::valid_mask,video_features_v1/01_P36_20240109_16_34_39_39.npz,"[10, 512]",float32,torchvision_r3d_18,0.24.1_kinetics400_v1,
01_P36_20240109_16_36_02_28,video,P36,P36_20240109_1636_02,train,"[""Upper_body_video_01/01_P36_20240109_16_36_02_28.mp4""]",0,0,10000,10000,No task,0,dcpt_video_6c_v1,true,1.000000,video_features_v1/01_P36_20240109_16_36_02_28.npz::valid_mask,video_features_v1/01_P36_20240109_16_36_02_28.npz,"[10, 512]",float32,torchvision_r3d_18,0.24.1_kinetics400_v1,
01_P36_20240109_16_37_50_17,video,P36,P36_20240109_1637_50,train,"[""Upper_body_video_01/01_P36_20240109_16_37_50_17.mp4""]",0,0,10000,10000,No task,0,dcpt_video_6c_v1,true,1.000000,video_features_v1/01_P36_20240109_16_37_50_17.npz::valid_mask,video_features_v1/01_P36_20240109_16_37_50_17.npz,"[10, 512]",float32,torchvision_r3d_18,0.24.1_kinetics400_v1,
01_P37_20240109_18_39_00_32,video,P37,P37_20240109_1839_00,train,"[""Upper_body_video_01/01_P37_20240109_18_39_00_32.mp4""]",0,0,10000,10000,No task,0,dcpt_video_6c_v1,true,1.000000,video_features_v1/01_P37_20240109_18_39_00_32.npz::valid_mask,video_features_v1/01_P37_20240109_18_39_00_32.npz,"[10, 512]",float32,torchvision_r3d_18,0.24.1_kinetics400_v1,
01_P37_20240109_18_40_16_13,video,P37,P37_20240109_1840_16,train,"[""Upper_body_video_01/01_P37_20240109_18_40_16_13.mp4""]",0,0,10000,10000,No task,0,dcpt_video_6c_v1,true,1.000000,video_features_v1/01_P37_20240109_18_40_16_13.npz::valid_mask,video_features_v1/01_P37_20240109_18_40_16_13.npz,"[10, 512]",float32,torchvision_r3d_18,0.24.1_kinetics400_v1,
01_P37_20240109_18_41_20_26,video,P37,P37_20240109_1841_20,train,"[""Upper_body_video_01/01_P37_20240109_18_41_20_26.mp4""]",0,0,10000,10000,No task,0,dcpt_video_6c_v1,true,1.000000,video_features_v1/01_P37_20240109_18_41_20_26.npz::valid_mask,video_features_v1/01_P37_20240109_18_41_20_26.npz,"[10, 512]",float32,torchvision_r3d_18,0.24.1_kinetics400_v1,
01_P38_20240110_14_12_02_61,video,P38,P38_20240110_1412_02,test,"[""Upper_body_video_01/01_P38_20240110_14_12_02_61.mp4""]",0,0,10000,10000,No task,0,dcpt_video_6c_v1,true,1.000000,video_features_v1/01_P38_20240110_14_12_02_61.npz::valid_mask,video_features_v1/01_P38_20240110_14_12_02_61.npz,"[10, 512]",float32,torchvision_r3d_18,0.24.1_kinetics400_v1,
01_P38_20240110_14_13_23_29,video,P38,P38_20240110_1413_23,test,"[""Upper_body_video_01/01_P38_20240110_14_13_23_29.mp4""]",0,0,10000,10000,No task,0,dcpt_video_6c_v1,true,1.000000,video_features_v1/01_P38_20240110_14_13_23_29.npz::valid_mask,video_features_v1/01_P38_20240110_14_13_23_29.npz,"[10, 512]",float32,torchvision_r3d_18,0.24.1_kinetics400_v1,
01_P38_20240110_14_14_30_24,video,P38,P38_20240110_1414_30,test,"[""Upper_body_video_01/01_P38_20240110_14_14_30_24.mp4""]",0,0,10000,10000,No task,0,dcpt_video_6c_v1,true,1.000000,video_features_v1/01_P38_20240110_14_14_30_24.npz::valid_mask,video_features_v1/01_P38_20240110_14_14_30_24.npz,"[10, 512]",float32,torchvision_r3d_18,0.24.1_kinetics400_v1,
01_P39_20240110_15_17_34_35,video,P39,P39_20240110_1517_34,train,"[""Upper_body_video_01/01_P39_20240110_15_17_34_35.mp4""]",0,0,10000,10000,No task,0,dcpt_video_6c_v1,true,1.000000,video_features_v1/01_P39_20240110_15_17_34_35.npz::valid_mask,video_features_v1/01_P39_20240110_15_17_34_35.npz,"[10, 512]",float32,torchvision_r3d_18,0.24.1_kinetics400_v1,
01_P39_20240110_15_20_41_27,video,P39,P39_20240110_1520_41,train,"[""Upper_body_video_01/01_P39_20240110_15_20_41_27.mp4""]",0,0,10000,10000,No task,0,dcpt_video_6c_v1,true,1.000000,video_features_v1/01_P39_20240110_15_20_41_27.npz::valid_mask,video_features_v1/01_P39_20240110_15_20_41_27.npz,"[10, 512]",float32,torchvision_r3d_18,0.24.1_kinetics400_v1,
01_P39_20240110_15_21_58_28,video,P39,P39_20240110_1521_58,train,"[""Upper_body_video_01/01_P39_20240110_15_21_58_28.mp4""]",0,0,10000,10000,No task,0,dcpt_video_6c_v1,true,1.000000,video_features_v1/01_P39_20240110_15_21_58_28.npz::valid_mask,video_features_v1/01_P39_20240110_15_21_58_28.npz,"[10, 512]",float32,torchvision_r3d_18,0.24.1_kinetics400_v1,
01_P40_20240110_17_38_43_15,video,P40,P40_20240110_1738_43,val,"[""Upper_body_video_01/01_P40_20240110_17_38_43_15.mp4""]",0,0,10000,10000,No task,0,dcpt_video_6c_v1,true,1.000000,video_features_v1/01_P40_20240110_17_38_43_15.npz::valid_mask,video_features_v1/01_P40_20240110_17_38_43_15.npz,"[10, 512]",float32,torchvision_r3d_18,0.24.1_kinetics400_v1,
01_P40_20240110_17_40_09_17,video,P40,P40_20240110_1740_09,val,"[""Upper_body_video_01/01_P40_20240110_17_40_09_17.mp4""]",0,0,10000,10000,No task,0,dcpt_video_6c_v1,true,1.000000,video_features_v1/01_P40_20240110_17_40_09_17.npz::valid_mask,video_features_v1/01_P40_20240110_17_40_09_17.npz,"[10, 512]",float32,torchvision_r3d_18,0.24.1_kinetics400_v1,
01_P40_20240110_17_41_45_16,video,P40,P40_20240110_1741_45,val,"[""Upper_body_video_01/01_P40_20240110_17_41_45_16.mp4""]",0,0,10000,10000,No task,0,dcpt_video_6c_v1,true,1.000000,video_features_v1/01_P40_20240110_17_41_45_16.npz::valid_mask,video_features_v1/01_P40_20240110_17_41_45_16.npz,"[10, 512]",float32,torchvision_r3d_18,0.24.1_kinetics400_v1,
03_P01_20231111_10_05_57_20,video,P01,P01_20231111_1005_57,val,"[""Upper_body_video_03/03_P01_20231111_10_05_57_20.mp4""]",0,0,10000,10000,Playing game,1,dcpt_video_6c_v1,true,1.000000,video_features_v1/03_P01_20231111_10_05_57_20.npz::valid_mask,video_features_v1/03_P01_20231111_10_05_57_20.npz,"[10, 512]",float32,torchvision_r3d_18,0.24.1_kinetics400_v1,
03_P01_20231111_10_07_50_16,video,P01,P01_20231111_1007_50,val,"[""Upper_body_video_03/03_P01_20231111_10_07_50_16.mp4""]",0,0,10000,10000,Playing game,1,dcpt_video_6c_v1,true,1.000000,video_features_v1/03_P01_20231111_10_07_50_16.npz::valid_mask,video_features_v1/03_P01_20231111_10_07_50_16.npz,"[10, 512]",float32,torchvision_r3d_18,0.24.1_kinetics400_v1,
03_P01_20231111_10_09_31_15,video,P01,P01_20231111_1009_31,val,"[""Upper_body_video_03/03_P01_20231111_10_09_31_15.mp4""]",0,0,10000,10000,Playing game,1,dcpt_video_6c_v1,true,1.000000,video_features_v1/03_P01_20231111_10_09_31_15.npz::valid_mask,video_features_v1/03_P01_20231111_10_09_31_15.npz,"[10, 512]",float32,torchvision_r3d_18,0.24.1_kinetics400_v1,
03_P01_20231111_10_10_59_14,video,P01,P01_20231111_1010_59,val,"[""Upper_body_video_03/03_P01_20231111_10_10_59_14.mp4""]",0,0,10000,10000,Playing game,1,dcpt_video_6c_v1,true,1.000000,video_features_v1/03_P01_20231111_10_10_59_14.npz::valid_mask,video_features_v1/03_P01_20231111_10_10_59_14.npz,"[10, 512]",float32,torchvision_r3d_18,0.24.1_kinetics400_v1,
03_P01_20231111_10_12_03_15,video,P01,P01_20231111_1012_03,val,"[""Upper_body_video_03/03_P01_20231111_10_12_03_15.mp4""]",0,0,10000,10000,Playing game,1,dcpt_video_6c_v1,true,1.000000,video_features_v1/03_P01_20231111_10_12_03_15.npz::valid_mask,video_features_v1/03_P01_20231111_10_12_03_15.npz,"[10, 512]",float32,torchvision_r3d_18,0.24.1_kinetics400_v1,
03_P02_20231114_14_23_10_19,video,P02,P02_20231114_1423_10,train,"[""Upper_body_video_03/03_P02_20231114_14_23_10_19.mp4""]",0,0,10000,10000,Playing game,1,dcpt_video_6c_v1,true,1.000000,video_features_v1/03_P02_20231114_14_23_10_19.npz::valid_mask,video_features_v1/03_P02_20231114_14_23_10_19.npz,"[10, 512]",float32,torchvision_r3d_18,0.24.1_kinetics400_v1,
03_P02_20231114_14_25_40_18,video,P02,P02_20231114_1425_40,train,"[""Upper_body_video_03/03_P02_20231114_14_25_40_18.mp4""]",0,0,10000,10000,Playing game,1,dcpt_video_6c_v1,true,1.000000,video_features_v1/03_P02_20231114_14_25_40_18.npz::valid_mask,video_features_v1/03_P02_20231114_14_25_40_18.npz,"[10, 512]",float32,torchvision_r3d_18,0.24.1_kinetics400_v1,
03_P02_20231114_14_28_13_22,video,P02,P02_20231114_1428_13,train,"[""Upper_body_video_03/03_P02_20231114_14_28_13_22.mp4""]",0,0,10000,10000,Playing game,1,dcpt_video_6c_v1,true,1.000000,video_features_v1/03_P02_20231114_14_28_13_22.npz::valid_mask,video_features_v1/03_P02_20231114_14_28_13_22.npz,"[10, 512]",float32,torchvision_r3d_18,0.24.1_kinetics400_v1,
03_P03_20231114_15_54_38_20,video,P03,P03_20231114_1554_38,val,"[""Upper_body_video_03/03_P03_20231114_15_54_38_20.mp4""]",0,0,10000,10000,Playing game,1,dcpt_video_6c_v1,true,1.000000,video_features_v1/03_P03_20231114_15_54_38_20.npz::valid_mask,video_features_v1/03_P03_20231114_15_54_38_20.npz,"[10, 512]",float32,torchvision_r3d_18,0.24.1_kinetics400_v1,
03_P03_20231114_15_56_19_22,video,P03,P03_20231114_1556_19,val,"[""Upper_body_video_03/03_P03_20231114_15_56_19_22.mp4""]",0,0,10000,10000,Playing game,1,dcpt_video_6c_v1,true,1.000000,video_features_v1/03_P03_20231114_15_56_19_22.npz::valid_mask,video_features_v1/03_P03_20231114_15_56_19_22.npz,"[10, 512]",float32,torchvision_r3d_18,0.24.1_kinetics400_v1,
03_P03_20231114_16_01_53_23,video,P03,P03_20231114_1601_53,val,"[""Upper_body_video_03/03_P03_20231114_16_01_53_23.mp4""]",0,0,10000,10000,Playing game,1,dcpt_video_6c_v1,true,1.000000,video_features_v1/03_P03_20231114_16_01_53_23.npz::valid_mask,video_features_v1/03_P03_20231114_16_01_53_23.npz,"[10, 512]",float32,torchvision_r3d_18,0.24.1_kinetics400_v1,
03_P03_20231114_16_06_53_31,video,P03,P03_20231114_1606_53,val,"[""Upper_body_video_03/03_P03_20231114_16_06_53_31.mp4""]",0,0,10000,10000,Playing game,1,dcpt_video_6c_v1,true,1.000000,video_features_v1/03_P03_20231114_16_06_53_31.npz::valid_mask,video_features_v1/03_P03_20231114_16_06_53_31.npz,"[10, 512]",float32,torchvision_r3d_18,0.24.1_kinetics400_v1,
03_P03_20231114_16_09_12_17,video,P03,P03_20231114_1609_12,val,"[""Upper_body_video_03/03_P03_20231114_16_09_12_17.mp4""]",0,0,10000,10000,Playing game,1,dcpt_video_6c_v1,true,1.000000,video_features_v1/03_P03_20231114_16_09_12_17.npz::valid_mask,video_features_v1/03_P03_20231114_16_09_12_17.npz,"[10, 512]",float32,torchvision_r3d_18,0.24.1_kinetics400_v1,
03_P03_20231114_16_10_27_26,video,P03,P03_20231114_1610_27,val,"[""Upper_body_video_03/03_P03_20231114_16_10_27_26.mp4""]",0,0,10000,10000,Playing game,1,dcpt_video_6c_v1,true,1.000000,video_features_v1/03_P03_20231114_16_10_27_26.npz::valid_mask,video_features_v1/03_P03_20231114_16_10_27_26.npz,"[10, 512]",float32,torchvision_r3d_18,0.24.1_kinetics400_v1,
03_P04_20231115_19_04_52_20,video,P04,P04_20231115_1904_52,val,"[""Upper_body_video_03/03_P04_20231115_19_04_52_20.mp4""]",0,0,10000,10000,Playing game,1,dcpt_video_6c_v1,true,1.000000,video_features_v1/03_P04_20231115_19_04_52_20.npz::valid_mask,video_features_v1/03_P04_20231115_19_04_52_20.npz,"[10, 512]",float32,torchvision_r3d_18,0.24.1_kinetics400_v1,
03_P04_20231115_19_06_20_24,video,P04,P04_20231115_1906_20,val,"[""Upper_body_video_03/03_P04_20231115_19_06_20_24.mp4""]",0,0,10000,10000,Playing game,1,dcpt_video_6c_v1,true,1.000000,video_features_v1/03_P04_20231115_19_06_20_24.npz::valid_mask,video_features_v1/03_P04_20231115_19_06_20_24.npz,"[10, 512]",float32,torchvision_r3d_18,0.24.1_kinetics400_v1,
03_P04_20231115_19_07_28_23,video,P04,P04_20231115_1907_28,val,"[""Upper_body_video_03/03_P04_20231115_19_07_28_23.mp4""]",0,0,10000,10000,Playing game,1,dcpt_video_6c_v1,true,1.000000,video_features_v1/03_P04_20231115_19_07_28_23.npz::valid_mask,video_features_v1/03_P04_20231115_19_07_28_23.npz,"[10, 512]",float32,torchvision_r3d_18,0.24.1_kinetics400_v1,
03_P05_20231116_11_13_58_35,video,P05,P05_20231116_1113_58,train,"[""Upper_body_video_03/03_P05_20231116_11_13_58_35.mp4""]",0,0,10000,10000,Playing game,1,dcpt_video_6c_v1,true,1.000000,video_features_v1/03_P05_20231116_11_13_58_35.npz::valid_mask,video_features_v1/03_P05_20231116_11_13_58_35.npz,"[10, 512]",float32,torchvision_r3d_18,0.24.1_kinetics400_v1,
03_P05_20231116_11_15_39_30,video,P05,P05_20231116_1115_39,train,"[""Upper_body_video_03/03_P05_20231116_11_15_39_30.mp4""]",0,0,10000,10000,Playing game,1,dcpt_video_6c_v1,true,1.000000,video_features_v1/03_P05_20231116_11_15_39_30.npz::valid_mask,video_features_v1/03_P05_20231116_11_15_39_30.npz,"[10, 512]",float32,torchvision_r3d_18,0.24.1_kinetics400_v1,
03_P05_20231116_11_17_32_33,video,P05,P05_20231116_1117_32,train,"[""Upper_body_video_03/03_P05_20231116_11_17_32_33.mp4""]",0,0,10000,10000,Playing game,1,dcpt_video_6c_v1,true,1.000000,video_features_v1/03_P05_20231116_11_17_32_33.npz::valid_mask,video_features_v1/03_P05_20231116_11_17_32_33.npz,"[10, 512]",float32,torchvision_r3d_18,0.24.1_kinetics400_v1,
03_P06_20231116_14_25_10_28,video,P06,P06_20231116_1425_10,train,"[""Upper_body_video_03/03_P06_20231116_14_25_10_28.mp4""]",0,0,10000,10000,Playing game,1,dcpt_video_6c_v1,true,1.000000,video_features_v1/03_P06_20231116_14_25_10_28.npz::valid_mask,video_features_v1/03_P06_20231116_14_25_10_28.npz,"[10, 512]",float32,torchvision_r3d_18,0.24.1_kinetics400_v1,
03_P06_20231116_14_27_12_27,video,P06,P06_20231116_1427_12,train,"[""Upper_body_video_03/03_P06_20231116_14_27_12_27.mp4""]",0,0,10000,10000,Playing game,1,dcpt_video_6c_v1,true,1.000000,video_features_v1/03_P06_20231116_14_27_12_27.npz::valid_mask,video_features_v1/03_P06_20231116_14_27_12_27.npz,"[10, 512]",float32,torchvision_r3d_18,0.24.1_kinetics400_v1,
03_P06_20231116_14_28_47_17,video,P06,P06_20231116_1428_47,train,"[""Upper_body_video_03/03_P06_20231116_14_28_47_17.mp4""]",0,0,10000,10000,Playing game,1,dcpt_video_6c_v1,true,1.000000,video_features_v1/03_P06_20231116_14_28_47_17.npz::valid_mask,video_features_v1/03_P06_20231116_14_28_47_17.npz,"[10, 512]",float32,torchvision_r3d_18,0.24.1_kinetics400_v1,
03_P07_20231116_16_45_43_16,video,P07,P07_20231116_1645_43,test,"[""Upper_body_video_03/03_P07_20231116_16_45_43_16.mp4""]",0,0,10000,10000,Playing game,1,dcpt_video_6c_v1,true,1.000000,video_features_v1/03_P07_20231116_16_45_43_16.npz::valid_mask,video_features_v1/03_P07_20231116_16_45_43_16.npz,"[10, 512]",float32,torchvision_r3d_18,0.24.1_kinetics400_v1,
03_P07_20231116_16_46_41_17,video,P07,P07_20231116_1646_41,test,"[""Upper_body_video_03/03_P07_20231116_16_46_41_17.mp4""]",0,0,10000,10000,Playing game,1,dcpt_video_6c_v1,true,1.000000,video_features_v1/03_P07_20231116_16_46_41_17.npz::valid_mask,video_features_v1/03_P07_20231116_16_46_41_17.npz,"[10, 512]",float32,torchvision_r3d_18,0.24.1_kinetics400_v1,
03_P07_20231116_16_47_50_17,video,P07,P07_20231116_1647_50,test,"[""Upper_body_video_03/03_P07_20231116_16_47_50_17.mp4""]",0,0,10000,10000,Playing game,1,dcpt_video_6c_v1,true,1.000000,video_features_v1/03_P07_20231116_16_47_50_17.npz::valid_mask,video_features_v1/03_P07_20231116_16_47_50_17.npz,"[10, 512]",float32,torchvision_r3d_18,0.24.1_kinetics400_v1,
03_P08_20231116_18_44_30_29,video,P08,P08_20231116_1844_30,test,"[""Upper_body_video_03/03_P08_20231116_18_44_30_29.mp4""]",0,0,10000,10000,Playing game,1,dcpt_video_6c_v1,true,1.000000,video_features_v1/03_P08_20231116_18_44_30_29.npz::valid_mask,video_features_v1/03_P08_20231116_18_44_30_29.npz,"[10, 512]",float32,torchvision_r3d_18,0.24.1_kinetics400_v1,
03_P08_20231116_18_46_15_24,video,P08,P08_20231116_1846_15,test,"[""Upper_body_video_03/03_P08_20231116_18_46_15_24.mp4""]",0,0,10000,10000,Playing game,1,dcpt_video_6c_v1,true,1.000000,video_features_v1/03_P08_20231116_18_46_15_24.npz::valid_mask,video_features_v1/03_P08_20231116_18_46_15_24.npz,"[10, 512]",float32,torchvision_r3d_18,0.24.1_kinetics400_v1,
03_P08_20231116_18_47_16_29,video,P08,P08_20231116_1847_16,test,"[""Upper_body_video_03/03_P08_20231116_18_47_16_29.mp4""]",0,0,10000,10000,Playing game,1,dcpt_video_6c_v1,true,1.000000,video_features_v1/03_P08_20231116_18_47_16_29.npz::valid_mask,video_features_v1/03_P08_20231116_18_47_16_29.npz,"[10, 512]",float32,torchvision_r3d_18,0.24.1_kinetics400_v1,
03_P09_20231117_09_44_03_23,video,P09,P09_20231117_0944_03,train,"[""Upper_body_video_03/03_P09_20231117_09_44_03_23.mp4""]",0,0,10000,10000,Playing game,1,dcpt_video_6c_v1,false,0.900000,video_features_v1/03_P09_20231117_09_44_03_23.npz::valid_mask,video_features_v1/03_P09_20231117_09_44_03_23.npz,"[10, 512]",float32,torchvision_r3d_18,0.24.1_kinetics400_v1,coverage_below_0.95
03_P09_20231117_09_45_49_21,video,P09,P09_20231117_0945_49,train,"[""Upper_body_video_03/03_P09_20231117_09_45_49_21.mp4""]",0,0,10000,10000,Playing game,1,dcpt_video_6c_v1,true,1.000000,video_features_v1/03_P09_20231117_09_45_49_21.npz::valid_mask,video_features_v1/03_P09_20231117_09_45_49_21.npz,"[10, 512]",float32,torchvision_r3d_18,0.24.1_kinetics400_v1,
03_P09_20231117_09_47_28_19,video,P09,P09_20231117_0947_28,train,"[""Upper_body_video_03/03_P09_20231117_09_47_28_19.mp4""]",0,0,10000,10000,Playing game,1,dcpt_video_6c_v1,true,1.000000,video_features_v1/03_P09_20231117_09_47_28_19.npz::valid_mask,video_features_v1/03_P09_20231117_09_47_28_19.npz,"[10, 512]",float32,torchvision_r3d_18,0.24.1_kinetics400_v1,
03_P10_20231123_16_21_58_25,video,P10,P10_20231123_1621_58,val,"[""Upper_body_video_03/03_P10_20231123_16_21_58_25.mp4""]",0,0,10000,10000,Playing game,1,dcpt_video_6c_v1,true,1.000000,video_features_v1/03_P10_20231123_16_21_58_25.npz::valid_mask,video_features_v1/03_P10_20231123_16_21_58_25.npz,"[10, 512]",float32,torchvision_r3d_18,0.24.1_kinetics400_v1,
03_P10_20231123_16_23_26_22,video,P10,P10_20231123_1623_26,val,"[""Upper_body_video_03/03_P10_20231123_16_23_26_22.mp4""]",0,0,10000,10000,Playing game,1,dcpt_video_6c_v1,true,1.000000,video_features_v1/03_P10_20231123_16_23_26_22.npz::valid_mask,video_features_v1/03_P10_20231123_16_23_26_22.npz,"[10, 512]",float32,torchvision_r3d_18,0.24.1_kinetics400_v1,
03_P10_20231123_16_25_09_31,video,P10,P10_20231123_1625_09,val,"[""Upper_body_video_03/03_P10_20231123_16_25_09_31.mp4""]",0,0,10000,10000,Playing game,1,dcpt_video_6c_v1,true,1.000000,video_features_v1/03_P10_20231123_16_25_09_31.npz::valid_mask,video_features_v1/03_P10_20231123_16_25_09_31.npz,"[10, 512]",float32,torchvision_r3d_18,0.24.1_kinetics400_v1,
03_P11_20231124_14_28_08_25,video,P11,P11_20231124_1428_08,train,"[""Upper_body_video_03/03_P11_20231124_14_28_08_25.mp4""]",0,0,10000,10000,Playing game,1,dcpt_video_6c_v1,true,1.000000,video_features_v1/03_P11_20231124_14_28_08_25.npz::valid_mask,video_features_v1/03_P11_20231124_14_28_08_25.npz,"[10, 512]",float32,torchvision_r3d_18,0.24.1_kinetics400_v1,
03_P11_20231124_14_30_36_25,video,P11,P11_20231124_1430_36,train,"[""Upper_body_video_03/03_P11_20231124_14_30_36_25.mp4""]",0,0,10000,10000,Playing game,1,dcpt_video_6c_v1,true,1.000000,video_features_v1/03_P11_20231124_14_30_36_25.npz::valid_mask,video_features_v1/03_P11_20231124_14_30_36_25.npz,"[10, 512]",float32,torchvision_r3d_18,0.24.1_kinetics400_v1,
03_P11_20231124_14_32_03_22,video,P11,P11_20231124_1432_03,train,"[""Upper_body_video_03/03_P11_20231124_14_32_03_22.mp4""]",0,0,10000,10000,Playing game,1,dcpt_video_6c_v1,true,1.000000,video_features_v1/03_P11_20231124_14_32_03_22.npz::valid_mask,video_features_v1/03_P11_20231124_14_32_03_22.npz,"[10, 512]",float32,torchvision_r3d_18,0.24.1_kinetics400_v1,
03_P12_20231125_14_21_04_24,video,P12,P12_20231125_1421_04,train,"[""Upper_body_video_03/03_P12_20231125_14_21_04_24.mp4""]",0,0,10000,10000,Playing game,1,dcpt_video_6c_v1,true,1.000000,video_features_v1/03_P12_20231125_14_21_04_24.npz::valid_mask,video_features_v1/03_P12_20231125_14_21_04_24.npz,"[10, 512]",float32,torchvision_r3d_18,0.24.1_kinetics400_v1,
03_P12_20231125_14_23_29_20,video,P12,P12_20231125_1423_29,train,"[""Upper_body_video_03/03_P12_20231125_14_23_29_20.mp4""]",0,0,10000,10000,Playing game,1,dcpt_video_6c_v1,true,1.000000,video_features_v1/03_P12_20231125_14_23_29_20.npz::valid_mask,video_features_v1/03_P12_20231125_14_23_29_20.npz,"[10, 512]",float32,torchvision_r3d_18,0.24.1_kinetics400_v1,
03_P12_20231125_14_25_05_14,video,P12,P12_20231125_1425_05,train,"[""Upper_body_video_03/03_P12_20231125_14_25_05_14.mp4""]",0,0,10000,10000,Playing game,1,dcpt_video_6c_v1,true,1.000000,video_features_v1/03_P12_20231125_14_25_05_14.npz::valid_mask,video_features_v1/03_P12_20231125_14_25_05_14.npz,"[10, 512]",float32,torchvision_r3d_18,0.24.1_kinetics400_v1,
03_P13_20231125_16_15_01_20,video,P13,P13_20231125_1615_01,train,"[""Upper_body_video_03/03_P13_20231125_16_15_01_20.mp4""]",0,0,10000,10000,Playing game,1,dcpt_video_6c_v1,true,1.000000,video_features_v1/03_P13_20231125_16_15_01_20.npz::valid_mask,video_features_v1/03_P13_20231125_16_15_01_20.npz,"[10, 512]",float32,torchvision_r3d_18,0.24.1_kinetics400_v1,
03_P13_20231125_16_16_08_18,video,P13,P13_20231125_1616_08,train,"[""Upper_body_video_03/03_P13_20231125_16_16_08_18.mp4""]",0,0,10000,10000,Playing game,1,dcpt_video_6c_v1,true,1.000000,video_features_v1/03_P13_20231125_16_16_08_18.npz::valid_mask,video_features_v1/03_P13_20231125_16_16_08_18.npz,"[10, 512]",float32,torchvision_r3d_18,0.24.1_kinetics400_v1,
03_P13_20231125_16_17_45_16,video,P13,P13_20231125_1617_45,train,"[""Upper_body_video_03/03_P13_20231125_16_17_45_16.mp4""]",0,0,10000,10000,Playing game,1,dcpt_video_6c_v1,true,1.000000,video_features_v1/03_P13_20231125_16_17_45_16.npz::valid_mask,video_features_v1/03_P13_20231125_16_17_45_16.npz,"[10, 512]",float32,torchvision_r3d_18,0.24.1_kinetics400_v1,
03_P14_20231128_14_58_05_16,video,P14,P14_20231128_1458_05,train,"[""Upper_body_video_03/03_P14_20231128_14_58_05_16.mp4""]",0,0,10000,10000,Playing game,1,dcpt_video_6c_v1,true,1.000000,video_features_v1/03_P14_20231128_14_58_05_16.npz::valid_mask,video_features_v1/03_P14_20231128_14_58_05_16.npz,"[10, 512]",float32,torchvision_r3d_18,0.24.1_kinetics400_v1,
03_P14_20231128_14_59_12_20,video,P14,P14_20231128_1459_12,train,"[""Upper_body_video_03/03_P14_20231128_14_59_12_20.mp4""]",0,0,10000,10000,Playing game,1,dcpt_video_6c_v1,true,1.000000,video_features_v1/03_P14_20231128_14_59_12_20.npz::valid_mask,video_features_v1/03_P14_20231128_14_59_12_20.npz,"[10, 512]",float32,torchvision_r3d_18,0.24.1_kinetics400_v1,
03_P14_20231128_15_02_02_17,video,P14,P14_20231128_1502_02,train,"[""Upper_body_video_03/03_P14_20231128_15_02_02_17.mp4""]",0,0,10000,10000,Playing game,1,dcpt_video_6c_v1,true,1.000000,video_features_v1/03_P14_20231128_15_02_02_17.npz::valid_mask,video_features_v1/03_P14_20231128_15_02_02_17.npz,"[10, 512]",float32,torchvision_r3d_18,0.24.1_kinetics400_v1,
03_P15_20231128_16_05_23_23,video,P15,P15_20231128_1605_23,test,"[""Upper_body_video_03/03_P15_20231128_16_05_23_23.mp4""]",0,0,10000,10000,Playing game,1,dcpt_video_6c_v1,true,1.000000,video_features_v1/03_P15_20231128_16_05_23_23.npz::valid_mask,video_features_v1/03_P15_20231128_16_05_23_23.npz,"[10, 512]",float32,torchvision_r3d_18,0.24.1_kinetics400_v1,
03_P15_20231128_16_06_41_20,video,P15,P15_20231128_1606_41,test,"[""Upper_body_video_03/03_P15_20231128_16_06_41_20.mp4""]",0,0,10000,10000,Playing game,1,dcpt_video_6c_v1,true,1.000000,video_features_v1/03_P15_20231128_16_06_41_20.npz::valid_mask,video_features_v1/03_P15_20231128_16_06_41_20.npz,"[10, 512]",float32,torchvision_r3d_18,0.24.1_kinetics400_v1,
03_P15_20231128_16_08_34_26,video,P15,P15_20231128_1608_34,test,"[""Upper_body_video_03/03_P15_20231128_16_08_34_26.mp4""]",0,0,10000,10000,Playing game,1,dcpt_video_6c_v1,true,1.000000,video_features_v1/03_P15_20231128_16_08_34_26.npz::valid_mask,video_features_v1/03_P15_20231128_16_08_34_26.npz,"[10, 512]",float32,torchvision_r3d_18,0.24.1_kinetics400_v1,
03_P16_20231130_13_19_17_38,video,P16,P16_20231130_1319_17,train,"[""Upper_body_video_03/03_P16_20231130_13_19_17_38.mp4""]",0,0,10000,10000,Playing game,1,dcpt_video_6c_v1,true,1.000000,video_features_v1/03_P16_20231130_13_19_17_38.npz::valid_mask,video_features_v1/03_P16_20231130_13_19_17_38.npz,"[10, 512]",float32,torchvision_r3d_18,0.24.1_kinetics400_v1,
03_P16_20231130_13_20_36_26,video,P16,P16_20231130_1320_36,train,"[""Upper_body_video_03/03_P16_20231130_13_20_36_26.mp4""]",0,0,10000,10000,Playing game,1,dcpt_video_6c_v1,true,1.000000,video_features_v1/03_P16_20231130_13_20_36_26.npz::valid_mask,video_features_v1/03_P16_20231130_13_20_36_26.npz,"[10, 512]",float32,torchvision_r3d_18,0.24.1_kinetics400_v1,
03_P16_20231130_13_22_01_29,video,P16,P16_20231130_1322_01,train,"[""Upper_body_video_03/03_P16_20231130_13_22_01_29.mp4""]",0,0,10000,10000,Playing game,1,dcpt_video_6c_v1,true,1.000000,video_features_v1/03_P16_20231130_13_22_01_29.npz::valid_mask,video_features_v1/03_P16_20231130_13_22_01_29.npz,"[10, 512]",float32,torchvision_r3d_18,0.24.1_kinetics400_v1,
03_P17_20231130_14_37_30_44,video,P17,P17_20231130_1437_30,train,"[""Upper_body_video_03/03_P17_20231130_14_37_30_44.mp4""]",0,0,10000,10000,Playing game,1,dcpt_video_6c_v1,true,1.000000,video_features_v1/03_P17_20231130_14_37_30_44.npz::valid_mask,video_features_v1/03_P17_20231130_14_37_30_44.npz,"[10, 512]",float32,torchvision_r3d_18,0.24.1_kinetics400_v1,
03_P17_20231130_14_39_17_38,video,P17,P17_20231130_1439_17,train,"[""Upper_body_video_03/03_P17_20231130_14_39_17_38.mp4""]",0,0,10000,10000,Playing game,1,dcpt_video_6c_v1,true,1.000000,video_features_v1/03_P17_20231130_14_39_17_38.npz::valid_mask,video_features_v1/03_P17_20231130_14_39_17_38.npz,"[10, 512]",float32,torchvision_r3d_18,0.24.1_kinetics400_v1,
03_P17_20231130_14_40_24_44,video,P17,P17_20231130_1440_24,train,"[""Upper_body_video_03/03_P17_20231130_14_40_24_44.mp4""]",0,0,10000,10000,Playing game,1,dcpt_video_6c_v1,true,1.000000,video_features_v1/03_P17_20231130_14_40_24_44.npz::valid_mask,video_features_v1/03_P17_20231130_14_40_24_44.npz,"[10, 512]",float32,torchvision_r3d_18,0.24.1_kinetics400_v1,
03_P18_20231130_18_49_47_26,video,P18,P18_20231130_1849_47,train,"[""Upper_body_video_03/03_P18_20231130_18_49_47_26.mp4""]",0,0,10000,10000,Playing game,1,dcpt_video_6c_v1,true,1.000000,video_features_v1/03_P18_20231130_18_49_47_26.npz::valid_mask,video_features_v1/03_P18_20231130_18_49_47_26.npz,"[10, 512]",float32,torchvision_r3d_18,0.24.1_kinetics400_v1,
03_P18_20231130_18_51_05_28,video,P18,P18_20231130_1851_05,train,"[""Upper_body_video_03/03_P18_20231130_18_51_05_28.mp4""]",0,0,10000,10000,Playing game,1,dcpt_video_6c_v1,true,1.000000,video_features_v1/03_P18_20231130_18_51_05_28.npz::valid_mask,video_features_v1/03_P18_20231130_18_51_05_28.npz,"[10, 512]",float32,torchvision_r3d_18,0.24.1_kinetics400_v1,
03_P18_20231130_18_52_20_28,video,P18,P18_20231130_1852_20,train,"[""Upper_body_video_03/03_P18_20231130_18_52_20_28.mp4""]",0,0,10000,10000,Playing game,1,dcpt_video_6c_v1,true,1.000000,video_features_v1/03_P18_20231130_18_52_20_28.npz::valid_mask,video_features_v1/03_P18_20231130_18_52_20_28.npz,"[10, 512]",float32,torchvision_r3d_18,0.24.1_kinetics400_v1,
03_P19_20231201_11_46_26_32,video,P19,P19_20231201_1146_26,train,"[""Upper_body_video_03/03_P19_20231201_11_46_26_32.mp4""]",0,0,10000,10000,Playing game,1,dcpt_video_6c_v1,true,1.000000,video_features_v1/03_P19_20231201_11_46_26_32.npz::valid_mask,video_features_v1/03_P19_20231201_11_46_26_32.npz,"[10, 512]",float32,torchvision_r3d_18,0.24.1_kinetics400_v1,
03_P19_20231201_11_47_51_20,video,P19,P19_20231201_1147_51,train,"[""Upper_body_video_03/03_P19_20231201_11_47_51_20.mp4""]",0,0,10000,10000,Playing game,1,dcpt_video_6c_v1,true,1.000000,video_features_v1/03_P19_20231201_11_47_51_20.npz::valid_mask,video_features_v1/03_P19_20231201_11_47_51_20.npz,"[10, 512]",float32,torchvision_r3d_18,0.24.1_kinetics400_v1,
03_P20_20231201_16_05_20_21,video,P20,P20_20231201_1605_20,val,"[""Upper_body_video_03/03_P20_20231201_16_05_20_21.mp4""]",0,0,10000,10000,Playing game,1,dcpt_video_6c_v1,true,1.000000,video_features_v1/03_P20_20231201_16_05_20_21.npz::valid_mask,video_features_v1/03_P20_20231201_16_05_20_21.npz,"[10, 512]",float32,torchvision_r3d_18,0.24.1_kinetics400_v1,
03_P20_20231201_16_07_03_19,video,P20,P20_20231201_1607_03,val,"[""Upper_body_video_03/03_P20_20231201_16_07_03_19.mp4""]",0,0,10000,10000,Playing game,1,dcpt_video_6c_v1,true,1.000000,video_features_v1/03_P20_20231201_16_07_03_19.npz::valid_mask,video_features_v1/03_P20_20231201_16_07_03_19.npz,"[10, 512]",float32,torchvision_r3d_18,0.24.1_kinetics400_v1,
03_P20_20231201_16_08_10_19,video,P20,P20_20231201_1608_10,val,"[""Upper_body_video_03/03_P20_20231201_16_08_10_19.mp4""]",0,0,10000,10000,Playing game,1,dcpt_video_6c_v1,true,1.000000,video_features_v1/03_P20_20231201_16_08_10_19.npz::valid_mask,video_features_v1/03_P20_20231201_16_08_10_19.npz,"[10, 512]",float32,torchvision_r3d_18,0.24.1_kinetics400_v1,
03_P21_20231207_14_38_20_19,video,P21,P21_20231207_1438_20,test,"[""Upper_body_video_03/03_P21_20231207_14_38_20_19.mp4""]",0,0,10000,10000,Playing game,1,dcpt_video_6c_v1,true,1.000000,video_features_v1/03_P21_20231207_14_38_20_19.npz::valid_mask,video_features_v1/03_P21_20231207_14_38_20_19.npz,"[10, 512]",float32,torchvision_r3d_18,0.24.1_kinetics400_v1,
03_P21_20231207_14_40_03_15,video,P21,P21_20231207_1440_03,test,"[""Upper_body_video_03/03_P21_20231207_14_40_03_15.mp4""]",0,0,10000,10000,Playing game,1,dcpt_video_6c_v1,true,1.000000,video_features_v1/03_P21_20231207_14_40_03_15.npz::valid_mask,video_features_v1/03_P21_20231207_14_40_03_15.npz,"[10, 512]",float32,torchvision_r3d_18,0.24.1_kinetics400_v1,
03_P21_20231207_14_41_47_21,video,P21,P21_20231207_1441_47,test,"[""Upper_body_video_03/03_P21_20231207_14_41_47_21.mp4""]",0,0,10000,10000,Playing game,1,dcpt_video_6c_v1,true,1.000000,video_features_v1/03_P21_20231207_14_41_47_21.npz::valid_mask,video_features_v1/03_P21_20231207_14_41_47_21.npz,"[10, 512]",float32,torchvision_r3d_18,0.24.1_kinetics400_v1,
03_P22_20231207_15_48_08_29,video,P22,P22_20231207_1548_08,train,"[""Upper_body_video_03/03_P22_20231207_15_48_08_29.mp4""]",0,0,10000,10000,Playing game,1,dcpt_video_6c_v1,true,1.000000,video_features_v1/03_P22_20231207_15_48_08_29.npz::valid_mask,video_features_v1/03_P22_20231207_15_48_08_29.npz,"[10, 512]",float32,torchvision_r3d_18,0.24.1_kinetics400_v1,
03_P22_20231207_15_49_22_24,video,P22,P22_20231207_1549_22,train,"[""Upper_body_video_03/03_P22_20231207_15_49_22_24.mp4""]",0,0,10000,10000,Playing game,1,dcpt_video_6c_v1,true,1.000000,video_features_v1/03_P22_20231207_15_49_22_24.npz::valid_mask,video_features_v1/03_P22_20231207_15_49_22_24.npz,"[10, 512]",float32,torchvision_r3d_18,0.24.1_kinetics400_v1,
03_P22_20231207_15_50_25_27,video,P22,P22_20231207_1550_25,train,"[""Upper_body_video_03/03_P22_20231207_15_50_25_27.mp4""]",0,0,10000,10000,Playing game,1,dcpt_video_6c_v1,true,1.000000,video_features_v1/03_P22_20231207_15_50_25_27.npz::valid_mask,video_features_v1/03_P22_20231207_15_50_25_27.npz,"[10, 512]",float32,torchvision_r3d_18,0.24.1_kinetics400_v1,
03_P23_20231208_09_26_31_20,video,P23,P23_20231208_0926_31,train,"[""Upper_body_video_03/03_P23_20231208_09_26_31_20.mp4""]",0,0,10000,10000,Playing game,1,dcpt_video_6c_v1,true,1.000000,video_features_v1/03_P23_20231208_09_26_31_20.npz::valid_mask,video_features_v1/03_P23_20231208_09_26_31_20.npz,"[10, 512]",float32,torchvision_r3d_18,0.24.1_kinetics400_v1,
03_P23_20231208_09_27_36_28,video,P23,P23_20231208_0927_36,train,"[""Upper_body_video_03/03_P23_20231208_09_27_36_28.mp4""]",0,0,10000,10000,Playing game,1,dcpt_video_6c_v1,true,1.000000,video_features_v1/03_P23_20231208_09_27_36_28.npz::valid_mask,video_features_v1/03_P23_20231208_09_27_36_28.npz,"[10, 512]",float32,torchvision_r3d_18,0.24.1_kinetics400_v1,
03_P23_20231208_09_28_50_20,video,P23,P23_20231208_0928_50,train,"[""Upper_body_video_03/03_P23_20231208_09_28_50_20.mp4""]",0,0,10000,10000,Playing game,1,dcpt_video_6c_v1,true,1.000000,video_features_v1/03_P23_20231208_09_28_50_20.npz::valid_mask,video_features_v1/03_P23_20231208_09_28_50_20.npz,"[10, 512]",float32,torchvision_r3d_18,0.24.1_kinetics400_v1,
03_P24_20231208_14_57_40_26,video,P24,P24_20231208_1457_40,train,"[""Upper_body_video_03/03_P24_20231208_14_57_40_26.mp4""]",0,0,10000,10000,Playing game,1,dcpt_video_6c_v1,false,0.900000,video_features_v1/03_P24_20231208_14_57_40_26.npz::valid_mask,video_features_v1/03_P24_20231208_14_57_40_26.npz,"[10, 512]",float32,torchvision_r3d_18,0.24.1_kinetics400_v1,coverage_below_0.95
03_P24_20231208_14_58_42_16,video,P24,P24_20231208_1458_42,train,"[""Upper_body_video_03/03_P24_20231208_14_58_42_16.mp4""]",0,0,10000,10000,Playing game,1,dcpt_video_6c_v1,true,1.000000,video_features_v1/03_P24_20231208_14_58_42_16.npz::valid_mask,video_features_v1/03_P24_20231208_14_58_42_16.npz,"[10, 512]",float32,torchvision_r3d_18,0.24.1_kinetics400_v1,
03_P24_20231208_14_59_52_26,video,P24,P24_20231208_1459_52,train,"[""Upper_body_video_03/03_P24_20231208_14_59_52_26.mp4""]",0,0,10000,10000,Playing game,1,dcpt_video_6c_v1,true,1.000000,video_features_v1/03_P24_20231208_14_59_52_26.npz::valid_mask,video_features_v1/03_P24_20231208_14_59_52_26.npz,"[10, 512]",float32,torchvision_r3d_18,0.24.1_kinetics400_v1,
03_P25_20231208_15_53_28_33,video,P25,P25_20231208_1553_28,train,"[""Upper_body_video_03/03_P25_20231208_15_53_28_33.mp4""]",0,0,10000,10000,Playing game,1,dcpt_video_6c_v1,true,1.000000,video_features_v1/03_P25_20231208_15_53_28_33.npz::valid_mask,video_features_v1/03_P25_20231208_15_53_28_33.npz,"[10, 512]",float32,torchvision_r3d_18,0.24.1_kinetics400_v1,
03_P25_20231208_15_54_46_35,video,P25,P25_20231208_1554_46,train,"[""Upper_body_video_03/03_P25_20231208_15_54_46_35.mp4""]",0,0,10000,10000,Playing game,1,dcpt_video_6c_v1,true,1.000000,video_features_v1/03_P25_20231208_15_54_46_35.npz::valid_mask,video_features_v1/03_P25_20231208_15_54_46_35.npz,"[10, 512]",float32,torchvision_r3d_18,0.24.1_kinetics400_v1,
03_P25_20231208_15_56_06_24,video,P25,P25_20231208_1556_06,train,"[""Upper_body_video_03/03_P25_20231208_15_56_06_24.mp4""]",0,0,10000,10000,Playing game,1,dcpt_video_6c_v1,true,1.000000,video_features_v1/03_P25_20231208_15_56_06_24.npz::valid_mask,video_features_v1/03_P25_20231208_15_56_06_24.npz,"[10, 512]",float32,torchvision_r3d_18,0.24.1_kinetics400_v1,
03_P26_20231208_19_03_33_26,video,P26,P26_20231208_1903_33,train,"[""Upper_body_video_03/03_P26_20231208_19_03_33_26.mp4""]",0,0,10000,10000,Playing game,1,dcpt_video_6c_v1,true,1.000000,video_features_v1/03_P26_20231208_19_03_33_26.npz::valid_mask,video_features_v1/03_P26_20231208_19_03_33_26.npz,"[10, 512]",float32,torchvision_r3d_18,0.24.1_kinetics400_v1,
03_P26_20231208_19_04_38_23,video,P26,P26_20231208_1904_38,train,"[""Upper_body_video_03/03_P26_20231208_19_04_38_23.mp4""]",0,0,10000,10000,Playing game,1,dcpt_video_6c_v1,true,1.000000,video_features_v1/03_P26_20231208_19_04_38_23.npz::valid_mask,video_features_v1/03_P26_20231208_19_04_38_23.npz,"[10, 512]",float32,torchvision_r3d_18,0.24.1_kinetics400_v1,
03_P26_20231208_19_05_48_23,video,P26,P26_20231208_1905_48,train,"[""Upper_body_video_03/03_P26_20231208_19_05_48_23.mp4""]",0,0,10000,10000,Playing game,1,dcpt_video_6c_v1,true,1.000000,video_features_v1/03_P26_20231208_19_05_48_23.npz::valid_mask,video_features_v1/03_P26_20231208_19_05_48_23.npz,"[10, 512]",float32,torchvision_r3d_18,0.24.1_kinetics400_v1,
03_P27_20231226_14_32_34_25,video,P27,P27_20231226_1432_34,test,"[""Upper_body_video_03/03_P27_20231226_14_32_34_25.mp4""]",0,0,10000,10000,Playing game,1,dcpt_video_6c_v1,true,1.000000,video_features_v1/03_P27_20231226_14_32_34_25.npz::valid_mask,video_features_v1/03_P27_20231226_14_32_34_25.npz,"[10, 512]",float32,torchvision_r3d_18,0.24.1_kinetics400_v1,
03_P27_20231226_14_33_39_22,video,P27,P27_20231226_1433_39,test,"[""Upper_body_video_03/03_P27_20231226_14_33_39_22.mp4""]",0,0,10000,10000,Playing game,1,dcpt_video_6c_v1,true,1.000000,video_features_v1/03_P27_20231226_14_33_39_22.npz::valid_mask,video_features_v1/03_P27_20231226_14_33_39_22.npz,"[10, 512]",float32,torchvision_r3d_18,0.24.1_kinetics400_v1,
03_P27_20231226_14_34_49_22,video,P27,P27_20231226_1434_49,test,"[""Upper_body_video_03/03_P27_20231226_14_34_49_22.mp4""]",0,0,10000,10000,Playing game,1,dcpt_video_6c_v1,true,1.000000,video_features_v1/03_P27_20231226_14_34_49_22.npz::valid_mask,video_features_v1/03_P27_20231226_14_34_49_22.npz,"[10, 512]",float32,torchvision_r3d_18,0.24.1_kinetics400_v1,
03_P28_20231226_15_48_16_24,video,P28,P28_20231226_1548_16,train,"[""Upper_body_video_03/03_P28_20231226_15_48_16_24.mp4""]",0,0,10000,10000,Playing game,1,dcpt_video_6c_v1,true,1.000000,video_features_v1/03_P28_20231226_15_48_16_24.npz::valid_mask,video_features_v1/03_P28_20231226_15_48_16_24.npz,"[10, 512]",float32,torchvision_r3d_18,0.24.1_kinetics400_v1,
03_P28_20231226_15_49_23_18,video,P28,P28_20231226_1549_23,train,"[""Upper_body_video_03/03_P28_20231226_15_49_23_18.mp4""]",0,0,10000,10000,Playing game,1,dcpt_video_6c_v1,true,1.000000,video_features_v1/03_P28_20231226_15_49_23_18.npz::valid_mask,video_features_v1/03_P28_20231226_15_49_23_18.npz,"[10, 512]",float32,torchvision_r3d_18,0.24.1_kinetics400_v1,
03_P28_20231226_15_50_58_23,video,P28,P28_20231226_1550_58,train,"[""Upper_body_video_03/03_P28_20231226_15_50_58_23.mp4""]",0,0,10000,10000,Playing game,1,dcpt_video_6c_v1,true,1.000000,video_features_v1/03_P28_20231226_15_50_58_23.npz::valid_mask,video_features_v1/03_P28_20231226_15_50_58_23.npz,"[10, 512]",float32,torchvision_r3d_18,0.24.1_kinetics400_v1,
03_P29_20231229_09_04_25_28,video,P29,P29_20231229_0904_25,val,"[""Upper_body_video_03/03_P29_20231229_09_04_25_28.mp4""]",0,0,10000,10000,Playing game,1,dcpt_video_6c_v1,true,1.000000,video_features_v1/03_P29_20231229_09_04_25_28.npz::valid_mask,video_features_v1/03_P29_20231229_09_04_25_28.npz,"[10, 512]",float32,torchvision_r3d_18,0.24.1_kinetics400_v1,
03_P29_20231229_09_05_22_18,video,P29,P29_20231229_0905_22,val,"[""Upper_body_video_03/03_P29_20231229_09_05_22_18.mp4""]",0,0,10000,10000,Playing game,1,dcpt_video_6c_v1,true,1.000000,video_features_v1/03_P29_20231229_09_05_22_18.npz::valid_mask,video_features_v1/03_P29_20231229_09_05_22_18.npz,"[10, 512]",float32,torchvision_r3d_18,0.24.1_kinetics400_v1,
03_P29_20231229_09_06_40_11,video,P29,P29_20231229_0906_40,val,"[""Upper_body_video_03/03_P29_20231229_09_06_40_11.mp4""]",0,0,10000,10000,Playing game,1,dcpt_video_6c_v1,true,1.000000,video_features_v1/03_P29_20231229_09_06_40_11.npz::valid_mask,video_features_v1/03_P29_20231229_09_06_40_11.npz,"[10, 512]",float32,torchvision_r3d_18,0.24.1_kinetics400_v1,
03_P30_20231229_14_31_31_32,video,P30,P30_20231229_1431_31,train,"[""Upper_body_video_03/03_P30_20231229_14_31_31_32.mp4""]",0,0,10000,10000,Playing game,1,dcpt_video_6c_v1,true,1.000000,video_features_v1/03_P30_20231229_14_31_31_32.npz::valid_mask,video_features_v1/03_P30_20231229_14_31_31_32.npz,"[10, 512]",float32,torchvision_r3d_18,0.24.1_kinetics400_v1,
03_P30_20231229_14_32_35_35,video,P30,P30_20231229_1432_35,train,"[""Upper_body_video_03/03_P30_20231229_14_32_35_35.mp4""]",0,0,10000,10000,Playing game,1,dcpt_video_6c_v1,true,1.000000,video_features_v1/03_P30_20231229_14_32_35_35.npz::valid_mask,video_features_v1/03_P30_20231229_14_32_35_35.npz,"[10, 512]",float32,torchvision_r3d_18,0.24.1_kinetics400_v1,
03_P30_20231229_14_33_50_36,video,P30,P30_20231229_1433_50,train,"[""Upper_body_video_03/03_P30_20231229_14_33_50_36.mp4""]",0,0,10000,10000,Playing game,1,dcpt_video_6c_v1,true,1.000000,video_features_v1/03_P30_20231229_14_33_50_36.npz::valid_mask,video_features_v1/03_P30_20231229_14_33_50_36.npz,"[10, 512]",float32,torchvision_r3d_18,0.24.1_kinetics400_v1,
03_P31_20231229_15_49_59_98,video,P31,P31_20231229_1549_59,train,"[""Upper_body_video_03/03_P31_20231229_15_49_59_98.mp4""]",0,0,10000,10000,Playing game,1,dcpt_video_6c_v1,true,1.000000,video_features_v1/03_P31_20231229_15_49_59_98.npz::valid_mask,video_features_v1/03_P31_20231229_15_49_59_98.npz,"[10, 512]",float32,torchvision_r3d_18,0.24.1_kinetics400_v1,
03_P31_20231229_15_50_53_57,video,P31,P31_20231229_1550_53,train,"[""Upper_body_video_03/03_P31_20231229_15_50_53_57.mp4""]",0,0,10000,10000,Playing game,1,dcpt_video_6c_v1,true,1.000000,video_features_v1/03_P31_20231229_15_50_53_57.npz::valid_mask,video_features_v1/03_P31_20231229_15_50_53_57.npz,"[10, 512]",float32,torchvision_r3d_18,0.24.1_kinetics400_v1,
03_P31_20231229_15_52_09_61,video,P31,P31_20231229_1552_09,train,"[""Upper_body_video_03/03_P31_20231229_15_52_09_61.mp4""]",0,0,10000,10000,Playing game,1,dcpt_video_6c_v1,true,1.000000,video_features_v1/03_P31_20231229_15_52_09_61.npz::valid_mask,video_features_v1/03_P31_20231229_15_52_09_61.npz,"[10, 512]",float32,torchvision_r3d_18,0.24.1_kinetics400_v1,
03_P32_20231229_18_49_27_25,video,P32,P32_20231229_1849_27,test,"[""Upper_body_video_03/03_P32_20231229_18_49_27_25.mp4""]",0,0,10000,10000,Playing game,1,dcpt_video_6c_v1,true,1.000000,video_features_v1/03_P32_20231229_18_49_27_25.npz::valid_mask,video_features_v1/03_P32_20231229_18_49_27_25.npz,"[10, 512]",float32,torchvision_r3d_18,0.24.1_kinetics400_v1,
03_P32_20231229_18_50_26_24,video,P32,P32_20231229_1850_26,test,"[""Upper_body_video_03/03_P32_20231229_18_50_26_24.mp4""]",0,0,10000,10000,Playing game,1,dcpt_video_6c_v1,true,1.000000,video_features_v1/03_P32_20231229_18_50_26_24.npz::valid_mask,video_features_v1/03_P32_20231229_18_50_26_24.npz,"[10, 512]",float32,torchvision_r3d_18,0.24.1_kinetics400_v1,
03_P32_20231229_18_51_39_26,video,P32,P32_20231229_1851_39,test,"[""Upper_body_video_03/03_P32_20231229_18_51_39_26.mp4""]",0,0,10000,10000,Playing game,1,dcpt_video_6c_v1,true,1.000000,video_features_v1/03_P32_20231229_18_51_39_26.npz::valid_mask,video_features_v1/03_P32_20231229_18_51_39_26.npz,"[10, 512]",float32,torchvision_r3d_18,0.24.1_kinetics400_v1,
03_P33_20240108_15_57_53_24,video,P33,P33_20240108_1557_53,test,"[""Upper_body_video_03/03_P33_20240108_15_57_53_24.mp4""]",0,0,10000,10000,Playing game,1,dcpt_video_6c_v1,true,1.000000,video_features_v1/03_P33_20240108_15_57_53_24.npz::valid_mask,video_features_v1/03_P33_20240108_15_57_53_24.npz,"[10, 512]",float32,torchvision_r3d_18,0.24.1_kinetics400_v1,
03_P33_20240108_15_58_48_23,video,P33,P33_20240108_1558_48,test,"[""Upper_body_video_03/03_P33_20240108_15_58_48_23.mp4""]",0,0,10000,10000,Playing game,1,dcpt_video_6c_v1,true,1.000000,video_features_v1/03_P33_20240108_15_58_48_23.npz::valid_mask,video_features_v1/03_P33_20240108_15_58_48_23.npz,"[10, 512]",float32,torchvision_r3d_18,0.24.1_kinetics400_v1,
03_P33_20240108_16_00_13_23,video,P33,P33_20240108_1600_13,test,"[""Upper_body_video_03/03_P33_20240108_16_00_13_23.mp4""]",0,0,10000,10000,Playing game,1,dcpt_video_6c_v1,true,1.000000,video_features_v1/03_P33_20240108_16_00_13_23.npz::valid_mask,video_features_v1/03_P33_20240108_16_00_13_23.npz,"[10, 512]",float32,torchvision_r3d_18,0.24.1_kinetics400_v1,
03_P34_20240108_14_36_49_22,video,P34,P34_20240108_1436_49,val,"[""Upper_body_video_03/03_P34_20240108_14_36_49_22.mp4""]",0,0,10000,10000,Playing game,1,dcpt_video_6c_v1,true,1.000000,video_features_v1/03_P34_20240108_14_36_49_22.npz::valid_mask,video_features_v1/03_P34_20240108_14_36_49_22.npz,"[10, 512]",float32,torchvision_r3d_18,0.24.1_kinetics400_v1,
03_P34_20240108_14_38_02_19,video,P34,P34_20240108_1438_02,val,"[""Upper_body_video_03/03_P34_20240108_14_38_02_19.mp4""]",0,0,10000,10000,Playing game,1,dcpt_video_6c_v1,true,1.000000,video_features_v1/03_P34_20240108_14_38_02_19.npz::valid_mask,video_features_v1/03_P34_20240108_14_38_02_19.npz,"[10, 512]",float32,torchvision_r3d_18,0.24.1_kinetics400_v1,
03_P34_20240108_14_39_19_15,video,P34,P34_20240108_1439_19,val,"[""Upper_body_video_03/03_P34_20240108_14_39_19_15.mp4""]",0,0,10000,10000,Playing game,1,dcpt_video_6c_v1,false,0.900000,video_features_v1/03_P34_20240108_14_39_19_15.npz::valid_mask,video_features_v1/03_P34_20240108_14_39_19_15.npz,"[10, 512]",float32,torchvision_r3d_18,0.24.1_kinetics400_v1,coverage_below_0.95
03_P35_20240109_09_17_30_20,video,P35,P35_20240109_0917_30,train,"[""Upper_body_video_03/03_P35_20240109_09_17_30_20.mp4""]",0,0,10000,10000,Playing game,1,dcpt_video_6c_v1,true,1.000000,video_features_v1/03_P35_20240109_09_17_30_20.npz::valid_mask,video_features_v1/03_P35_20240109_09_17_30_20.npz,"[10, 512]",float32,torchvision_r3d_18,0.24.1_kinetics400_v1,
03_P35_20240109_09_18_30_16,video,P35,P35_20240109_0918_30,train,"[""Upper_body_video_03/03_P35_20240109_09_18_30_16.mp4""]",0,0,10000,10000,Playing game,1,dcpt_video_6c_v1,true,1.000000,video_features_v1/03_P35_20240109_09_18_30_16.npz::valid_mask,video_features_v1/03_P35_20240109_09_18_30_16.npz,"[10, 512]",float32,torchvision_r3d_18,0.24.1_kinetics400_v1,
03_P35_20240109_09_19_39_18,video,P35,P35_20240109_0919_39,train,"[""Upper_body_video_03/03_P35_20240109_09_19_39_18.mp4""]",0,0,10000,10000,Playing game,1,dcpt_video_6c_v1,true,1.000000,video_features_v1/03_P35_20240109_09_19_39_18.npz::valid_mask,video_features_v1/03_P35_20240109_09_19_39_18.npz,"[10, 512]",float32,torchvision_r3d_18,0.24.1_kinetics400_v1,
03_P36_20240109_16_52_24_24,video,P36,P36_20240109_1652_24,train,"[""Upper_body_video_03/03_P36_20240109_16_52_24_24.mp4""]",0,0,10000,10000,Playing game,1,dcpt_video_6c_v1,true,1.000000,video_features_v1/03_P36_20240109_16_52_24_24.npz::valid_mask,video_features_v1/03_P36_20240109_16_52_24_24.npz,"[10, 512]",float32,torchvision_r3d_18,0.24.1_kinetics400_v1,
03_P36_20240109_16_54_14_20,video,P36,P36_20240109_1654_14,train,"[""Upper_body_video_03/03_P36_20240109_16_54_14_20.mp4""]",0,0,10000,10000,Playing game,1,dcpt_video_6c_v1,true,1.000000,video_features_v1/03_P36_20240109_16_54_14_20.npz::valid_mask,video_features_v1/03_P36_20240109_16_54_14_20.npz,"[10, 512]",float32,torchvision_r3d_18,0.24.1_kinetics400_v1,
03_P37_20240109_18_49_12_18,video,P37,P37_20240109_1849_12,train,"[""Upper_body_video_03/03_P37_20240109_18_49_12_18.mp4""]",0,0,10000,10000,Playing game,1,dcpt_video_6c_v1,true,1.000000,video_features_v1/03_P37_20240109_18_49_12_18.npz::valid_mask,video_features_v1/03_P37_20240109_18_49_12_18.npz,"[10, 512]",float32,torchvision_r3d_18,0.24.1_kinetics400_v1,
03_P37_20240109_18_50_28_19,video,P37,P37_20240109_1850_28,train,"[""Upper_body_video_03/03_P37_20240109_18_50_28_19.mp4""]",0,0,10000,10000,Playing game,1,dcpt_video_6c_v1,true,1.000000,video_features_v1/03_P37_20240109_18_50_28_19.npz::valid_mask,video_features_v1/03_P37_20240109_18_50_28_19.npz,"[10, 512]",float32,torchvision_r3d_18,0.24.1_kinetics400_v1,
03_P37_20240109_18_51_32_29,video,P37,P37_20240109_1851_32,train,"[""Upper_body_video_03/03_P37_20240109_18_51_32_29.mp4""]",0,0,10000,10000,Playing game,1,dcpt_video_6c_v1,true,1.000000,video_features_v1/03_P37_20240109_18_51_32_29.npz::valid_mask,video_features_v1/03_P37_20240109_18_51_32_29.npz,"[10, 512]",float32,torchvision_r3d_18,0.24.1_kinetics400_v1,
03_P38_20240110_14_24_14_21,video,P38,P38_20240110_1424_14,test,"[""Upper_body_video_03/03_P38_20240110_14_24_14_21.mp4""]",0,0,10000,10000,Playing game,1,dcpt_video_6c_v1,true,1.000000,video_features_v1/03_P38_20240110_14_24_14_21.npz::valid_mask,video_features_v1/03_P38_20240110_14_24_14_21.npz,"[10, 512]",float32,torchvision_r3d_18,0.24.1_kinetics400_v1,
03_P38_20240110_14_25_39_21,video,P38,P38_20240110_1425_39,test,"[""Upper_body_video_03/03_P38_20240110_14_25_39_21.mp4""]",0,0,10000,10000,Playing game,1,dcpt_video_6c_v1,false,0.900000,video_features_v1/03_P38_20240110_14_25_39_21.npz::valid_mask,video_features_v1/03_P38_20240110_14_25_39_21.npz,"[10, 512]",float32,torchvision_r3d_18,0.24.1_kinetics400_v1,coverage_below_0.95
03_P38_20240110_14_26_37_23,video,P38,P38_20240110_1426_37,test,"[""Upper_body_video_03/03_P38_20240110_14_26_37_23.mp4""]",0,0,10000,10000,Playing game,1,dcpt_video_6c_v1,true,1.000000,video_features_v1/03_P38_20240110_14_26_37_23.npz::valid_mask,video_features_v1/03_P38_20240110_14_26_37_23.npz,"[10, 512]",float32,torchvision_r3d_18,0.24.1_kinetics400_v1,
03_P39_20240110_15_30_05_26,video,P39,P39_20240110_1530_05,train,"[""Upper_body_video_03/03_P39_20240110_15_30_05_26.mp4""]",0,0,10000,10000,Playing game,1,dcpt_video_6c_v1,false,0.900000,video_features_v1/03_P39_20240110_15_30_05_26.npz::valid_mask,video_features_v1/03_P39_20240110_15_30_05_26.npz,"[10, 512]",float32,torchvision_r3d_18,0.24.1_kinetics400_v1,coverage_below_0.95
03_P39_20240110_15_35_01_36,video,P39,P39_20240110_1535_01,train,"[""Upper_body_video_03/03_P39_20240110_15_35_01_36.mp4""]",0,0,10000,10000,Playing game,1,dcpt_video_6c_v1,true,1.000000,video_features_v1/03_P39_20240110_15_35_01_36.npz::valid_mask,video_features_v1/03_P39_20240110_15_35_01_36.npz,"[10, 512]",float32,torchvision_r3d_18,0.24.1_kinetics400_v1,
03_P39_20240110_15_38_17_40,video,P39,P39_20240110_1538_17,train,"[""Upper_body_video_03/03_P39_20240110_15_38_17_40.mp4""]",0,0,10000,10000,Playing game,1,dcpt_video_6c_v1,true,1.000000,video_features_v1/03_P39_20240110_15_38_17_40.npz::valid_mask,video_features_v1/03_P39_20240110_15_38_17_40.npz,"[10, 512]",float32,torchvision_r3d_18,0.24.1_kinetics400_v1,
03_P40_20240110_17_52_31_29,video,P40,P40_20240110_1752_31,val,"[""Upper_body_video_03/03_P40_20240110_17_52_31_29.mp4""]",0,0,10000,10000,Playing game,1,dcpt_video_6c_v1,true,1.000000,video_features_v1/03_P40_20240110_17_52_31_29.npz::valid_mask,video_features_v1/03_P40_20240110_17_52_31_29.npz,"[10, 512]",float32,torchvision_r3d_18,0.24.1_kinetics400_v1,
03_P40_20240110_17_53_22_28,video,P40,P40_20240110_1753_22,val,"[""Upper_body_video_03/03_P40_20240110_17_53_22_28.mp4""]",0,0,10000,10000,Playing game,1,dcpt_video_6c_v1,false,0.900000,video_features_v1/03_P40_20240110_17_53_22_28.npz::valid_mask,video_features_v1/03_P40_20240110_17_53_22_28.npz,"[10, 512]",float32,torchvision_r3d_18,0.24.1_kinetics400_v1,coverage_below_0.95
03_P40_20240110_17_54_39_20,video,P40,P40_20240110_1754_39,val,"[""Upper_body_video_03/03_P40_20240110_17_54_39_20.mp4""]",0,0,10000,10000,Playing game,1,dcpt_video_6c_v1,true,1.000000,video_features_v1/03_P40_20240110_17_54_39_20.npz::valid_mask,video_features_v1/03_P40_20240110_17_54_39_20.npz,"[10, 512]",float32,torchvision_r3d_18,0.24.1_kinetics400_v1,
04_P01_20231111_10_14_23_16,video,P01,P01_20231111_1014_23,val,"[""Upper_body_video_04/04_P01_20231111_10_14_23_16.mp4""]",0,0,10000,10000,Messaging,2,dcpt_video_6c_v1,true,1.000000,video_features_v1/04_P01_20231111_10_14_23_16.npz::valid_mask,video_features_v1/04_P01_20231111_10_14_23_16.npz,"[10, 512]",float32,torchvision_r3d_18,0.24.1_kinetics400_v1,
04_P01_20231111_10_17_06_16,video,P01,P01_20231111_1017_06,val,"[""Upper_body_video_04/04_P01_20231111_10_17_06_16.mp4""]",0,0,10000,10000,Messaging,2,dcpt_video_6c_v1,true,1.000000,video_features_v1/04_P01_20231111_10_17_06_16.npz::valid_mask,video_features_v1/04_P01_20231111_10_17_06_16.npz,"[10, 512]",float32,torchvision_r3d_18,0.24.1_kinetics400_v1,
04_P01_20231111_10_20_14_13,video,P01,P01_20231111_1020_14,val,"[""Upper_body_video_04/04_P01_20231111_10_20_14_13.mp4""]",0,0,10000,10000,Messaging,2,dcpt_video_6c_v1,true,1.000000,video_features_v1/04_P01_20231111_10_20_14_13.npz::valid_mask,video_features_v1/04_P01_20231111_10_20_14_13.npz,"[10, 512]",float32,torchvision_r3d_18,0.24.1_kinetics400_v1,
04_P01_20231111_10_21_34_17,video,P01,P01_20231111_1021_34,val,"[""Upper_body_video_04/04_P01_20231111_10_21_34_17.mp4""]",0,0,10000,10000,Messaging,2,dcpt_video_6c_v1,true,1.000000,video_features_v1/04_P01_20231111_10_21_34_17.npz::valid_mask,video_features_v1/04_P01_20231111_10_21_34_17.npz,"[10, 512]",float32,torchvision_r3d_18,0.24.1_kinetics400_v1,
04_P02_20231114_14_34_32_20,video,P02,P02_20231114_1434_32,train,"[""Upper_body_video_04/04_P02_20231114_14_34_32_20.mp4""]",0,0,10000,10000,Messaging,2,dcpt_video_6c_v1,true,1.000000,video_features_v1/04_P02_20231114_14_34_32_20.npz::valid_mask,video_features_v1/04_P02_20231114_14_34_32_20.npz,"[10, 512]",float32,torchvision_r3d_18,0.24.1_kinetics400_v1,
04_P02_20231114_14_36_51_18,video,P02,P02_20231114_1436_51,train,"[""Upper_body_video_04/04_P02_20231114_14_36_51_18.mp4""]",0,0,10000,10000,Messaging,2,dcpt_video_6c_v1,true,1.000000,video_features_v1/04_P02_20231114_14_36_51_18.npz::valid_mask,video_features_v1/04_P02_20231114_14_36_51_18.npz,"[10, 512]",float32,torchvision_r3d_18,0.24.1_kinetics400_v1,
04_P02_20231114_14_39_17_16,video,P02,P02_20231114_1439_17,train,"[""Upper_body_video_04/04_P02_20231114_14_39_17_16.mp4""]",0,0,10000,10000,Messaging,2,dcpt_video_6c_v1,true,1.000000,video_features_v1/04_P02_20231114_14_39_17_16.npz::valid_mask,video_features_v1/04_P02_20231114_14_39_17_16.npz,"[10, 512]",float32,torchvision_r3d_18,0.24.1_kinetics400_v1,
04_P03_20231114_16_15_09_22,video,P03,P03_20231114_1615_09,val,"[""Upper_body_video_04/04_P03_20231114_16_15_09_22.mp4""]",0,0,10000,10000,Messaging,2,dcpt_video_6c_v1,true,1.000000,video_features_v1/04_P03_20231114_16_15_09_22.npz::valid_mask,video_features_v1/04_P03_20231114_16_15_09_22.npz,"[10, 512]",float32,torchvision_r3d_18,0.24.1_kinetics400_v1,
04_P03_20231114_16_17_52_25,video,P03,P03_20231114_1617_52,val,"[""Upper_body_video_04/04_P03_20231114_16_17_52_25.mp4""]",0,0,10000,10000,Messaging,2,dcpt_video_6c_v1,true,1.000000,video_features_v1/04_P03_20231114_16_17_52_25.npz::valid_mask,video_features_v1/04_P03_20231114_16_17_52_25.npz,"[10, 512]",float32,torchvision_r3d_18,0.24.1_kinetics400_v1,
04_P03_20231114_16_19_17_28,video,P03,P03_20231114_1619_17,val,"[""Upper_body_video_04/04_P03_20231114_16_19_17_28.mp4""]",0,0,10000,10000,Messaging,2,dcpt_video_6c_v1,true,1.000000,video_features_v1/04_P03_20231114_16_19_17_28.npz::valid_mask,video_features_v1/04_P03_20231114_16_19_17_28.npz,"[10, 512]",float32,torchvision_r3d_18,0.24.1_kinetics400_v1,
04_P04_20231115_19_12_21_28,video,P04,P04_20231115_1912_21,val,"[""Upper_body_video_04/04_P04_20231115_19_12_21_28.mp4""]",0,0,10000,10000,Messaging,2,dcpt_video_6c_v1,true,1.000000,video_features_v1/04_P04_20231115_19_12_21_28.npz::valid_mask,video_features_v1/04_P04_20231115_19_12_21_28.npz,"[10, 512]",float32,torchvision_r3d_18,0.24.1_kinetics400_v1,
04_P04_20231115_19_14_37_29,video,P04,P04_20231115_1914_37,val,"[""Upper_body_video_04/04_P04_20231115_19_14_37_29.mp4""]",0,0,10000,10000,Messaging,2,dcpt_video_6c_v1,false,0.900000,video_features_v1/04_P04_20231115_19_14_37_29.npz::valid_mask,video_features_v1/04_P04_20231115_19_14_37_29.npz,"[10, 512]",float32,torchvision_r3d_18,0.24.1_kinetics400_v1,coverage_below_0.95
04_P04_20231115_19_16_14_29,video,P04,P04_20231115_1916_14,val,"[""Upper_body_video_04/04_P04_20231115_19_16_14_29.mp4""]",0,0,10000,10000,Messaging,2,dcpt_video_6c_v1,true,1.000000,video_features_v1/04_P04_20231115_19_16_14_29.npz::valid_mask,video_features_v1/04_P04_20231115_19_16_14_29.npz,"[10, 512]",float32,torchvision_r3d_18,0.24.1_kinetics400_v1,
04_P05_20231116_10_51_02_38,video,P05,P05_20231116_1051_02,train,"[""Upper_body_video_04/04_P05_20231116_10_51_02_38.mp4""]",0,0,10000,10000,Messaging,2,dcpt_video_6c_v1,true,1.000000,video_features_v1/04_P05_20231116_10_51_02_38.npz::valid_mask,video_features_v1/04_P05_20231116_10_51_02_38.npz,"[10, 512]",float32,torchvision_r3d_18,0.24.1_kinetics400_v1,
04_P05_20231116_10_52_49_33,video,P05,P05_20231116_1052_49,train,"[""Upper_body_video_04/04_P05_20231116_10_52_49_33.mp4""]",0,0,10000,10000,Messaging,2,dcpt_video_6c_v1,true,1.000000,video_features_v1/04_P05_20231116_10_52_49_33.npz::valid_mask,video_features_v1/04_P05_20231116_10_52_49_33.npz,"[10, 512]",float32,torchvision_r3d_18,0.24.1_kinetics400_v1,
04_P05_20231116_10_58_27_38,video,P05,P05_20231116_1058_27,train,"[""Upper_body_video_04/04_P05_20231116_10_58_27_38.mp4""]",0,0,10000,10000,Messaging,2,dcpt_video_6c_v1,true,1.000000,video_features_v1/04_P05_20231116_10_58_27_38.npz::valid_mask,video_features_v1/04_P05_20231116_10_58_27_38.npz,"[10, 512]",float32,torchvision_r3d_18,0.24.1_kinetics400_v1,
04_P05_20231116_10_59_45_33,video,P05,P05_20231116_1059_45,train,"[""Upper_body_video_04/04_P05_20231116_10_59_45_33.mp4""]",0,0,10000,10000,Messaging,2,dcpt_video_6c_v1,true,1.000000,video_features_v1/04_P05_20231116_10_59_45_33.npz::valid_mask,video_features_v1/04_P05_20231116_10_59_45_33.npz,"[10, 512]",float32,torchvision_r3d_18,0.24.1_kinetics400_v1,
04_P05_20231116_11_01_18_36,video,P05,P05_20231116_1101_18,train,"[""Upper_body_video_04/04_P05_20231116_11_01_18_36.mp4""]",0,0,10000,10000,Messaging,2,dcpt_video_6c_v1,true,1.000000,video_features_v1/04_P05_20231116_11_01_18_36.npz::valid_mask,video_features_v1/04_P05_20231116_11_01_18_36.npz,"[10, 512]",float32,torchvision_r3d_18,0.24.1_kinetics400_v1,
04_P06_20231116_14_32_14_28,video,P06,P06_20231116_1432_14,train,"[""Upper_body_video_04/04_P06_20231116_14_32_14_28.mp4""]",0,0,10000,10000,Messaging,2,dcpt_video_6c_v1,true,1.000000,video_features_v1/04_P06_20231116_14_32_14_28.npz::valid_mask,video_features_v1/04_P06_20231116_14_32_14_28.npz,"[10, 512]",float32,torchvision_r3d_18,0.24.1_kinetics400_v1,
04_P06_20231116_14_34_03_27,video,P06,P06_20231116_1434_03,train,"[""Upper_body_video_04/04_P06_20231116_14_34_03_27.mp4""]",0,0,10000,10000,Messaging,2,dcpt_video_6c_v1,true,1.000000,video_features_v1/04_P06_20231116_14_34_03_27.npz::valid_mask,video_features_v1/04_P06_20231116_14_34_03_27.npz,"[10, 512]",float32,torchvision_r3d_18,0.24.1_kinetics400_v1,
04_P06_20231116_14_38_33_30,video,P06,P06_20231116_1438_33,train,"[""Upper_body_video_04/04_P06_20231116_14_38_33_30.mp4""]",0,0,10000,10000,Messaging,2,dcpt_video_6c_v1,true,1.000000,video_features_v1/04_P06_20231116_14_38_33_30.npz::valid_mask,video_features_v1/04_P06_20231116_14_38_33_30.npz,"[10, 512]",float32,torchvision_r3d_18,0.24.1_kinetics400_v1,
04_P07_20231116_16_40_32_28,video,P07,P07_20231116_1640_32,test,"[""Upper_body_video_04/04_P07_20231116_16_40_32_28.mp4""]",0,0,10000,10000,Messaging,2,dcpt_video_6c_v1,true,1.000000,video_features_v1/04_P07_20231116_16_40_32_28.npz::valid_mask,video_features_v1/04_P07_20231116_16_40_32_28.npz,"[10, 512]",float32,torchvision_r3d_18,0.24.1_kinetics400_v1,
04_P07_20231116_16_41_33_28,video,P07,P07_20231116_1641_33,test,"[""Upper_body_video_04/04_P07_20231116_16_41_33_28.mp4""]",0,0,10000,10000,Messaging,2,dcpt_video_6c_v1,true,1.000000,video_features_v1/04_P07_20231116_16_41_33_28.npz::valid_mask,video_features_v1/04_P07_20231116_16_41_33_28.npz,"[10, 512]",float32,torchvision_r3d_18,0.24.1_kinetics400_v1,
04_P07_20231116_16_43_30_23,video,P07,P07_20231116_1643_30,test,"[""Upper_body_video_04/04_P07_20231116_16_43_30_23.mp4""]",0,0,10000,10000,Messaging,2,dcpt_video_6c_v1,true,1.000000,video_features_v1/04_P07_20231116_16_43_30_23.npz::valid_mask,video_features_v1/04_P07_20231116_16_43_30_23.npz,"[10, 512]",float32,torchvision_r3d_18,0.24.1_kinetics400_v1,
04_P07_20231116_16_52_54_30,video,P07,P07_20231116_1652_54,test,"[""Upper_body_video_04/04_P07_20231116_16_52_54_30.mp4""]",0,0,10000,10000,Messaging,2,dcpt_video_6c_v1,true,1.000000,video_features_v1/04_P07_20231116_16_52_54_30.npz::valid_mask,video_features_v1/04_P07_20231116_16_52_54_30.npz,"[10, 512]",float32,torchvision_r3d_18,0.24.1_kinetics400_v1,
04_P07_20231116_16_55_34_29,video,P07,P07_20231116_1655_34,test,"[""Upper_body_video_04/04_P07_20231116_16_55_34_29.mp4""]",0,0,10000,10000,Messaging,2,dcpt_video_6c_v1,true,1.000000,video_features_v1/04_P07_20231116_16_55_34_29.npz::valid_mask,video_features_v1/04_P07_20231116_16_55_34_29.npz,"[10, 512]",float32,torchvision_r3d_18,0.24.1_kinetics400_v1,
04_P08_20231116_19_00_00_28,video,P08,P08_20231116_1900_00,test,"[""Upper_body_video_04/04_P08_20231116_19_00_00_28.mp4""]",0,0,10000,10000,Messaging,2,dcpt_video_6c_v1,true,1.000000,video_features_v1/04_P08_20231116_19_00_00_28.npz::valid_mask,video_features_v1/04_P08_20231116_19_00_00_28.npz,"[10, 512]",float32,torchvision_r3d_18,0.24.1_kinetics400_v1,
04_P08_20231116_19_04_13_34,video,P08,P08_20231116_1904_13,test,"[""Upper_body_video_04/04_P08_20231116_19_04_13_34.mp4""]",0,0,10000,10000,Messaging,2,dcpt_video_6c_v1,true,1.000000,video_features_v1/04_P08_20231116_19_04_13_34.npz::valid_mask,video_features_v1/04_P08_20231116_19_04_13_34.npz,"[10, 512]",float32,torchvision_r3d_18,0.24.1_kinetics400_v1,
04_P08_20231116_19_07_33_23,video,P08,P08_20231116_1907_33,test,"[""Upper_body_video_04/04_P08_20231116_19_07_33_23.mp4""]",0,0,10000,10000,Messaging,2,dcpt_video_6c_v1,true,1.000000,video_features_v1/04_P08_20231116_19_07_33_23.npz::valid_mask,video_features_v1/04_P08_20231116_19_07_33_23.npz,"[10, 512]",float32,torchvision_r3d_18,0.24.1_kinetics400_v1,
04_P09_20231117_09_51_23_16,video,P09,P09_20231117_0951_23,train,"[""Upper_body_video_04/04_P09_20231117_09_51_23_16.mp4""]",0,0,10000,10000,Messaging,2,dcpt_video_6c_v1,true,1.000000,video_features_v1/04_P09_20231117_09_51_23_16.npz::valid_mask,video_features_v1/04_P09_20231117_09_51_23_16.npz,"[10, 512]",float32,torchvision_r3d_18,0.24.1_kinetics400_v1,
04_P09_20231117_09_53_32_22,video,P09,P09_20231117_0953_32,train,"[""Upper_body_video_04/04_P09_20231117_09_53_32_22.mp4""]",0,0,10000,10000,Messaging,2,dcpt_video_6c_v1,true,1.000000,video_features_v1/04_P09_20231117_09_53_32_22.npz::valid_mask,video_features_v1/04_P09_20231117_09_53_32_22.npz,"[10, 512]",float32,torchvision_r3d_18,0.24.1_kinetics400_v1,
04_P09_20231117_09_54_34_20,video,P09,P09_20231117_0954_34,train,"[""Upper_body_video_04/04_P09_20231117_09_54_34_20.mp4""]",0,0,10000,10000,Messaging,2,dcpt_video_6c_v1,true,1.000000,video_features_v1/04_P09_20231117_09_54_34_20.npz::valid_mask,video_features_v1/04_P09_20231117_09_54_34_20.npz,"[10, 512]",float32,torchvision_r3d_18,0.24.1_kinetics400_v1,
04_P10_20231123_16_26_50_28,video,P10,P10_20231123_1626_50,val,"[""Upper_body_video_04/04_P10_20231123_16_26_50_28.mp4""]",0,0,10000,10000,Messaging,2,dcpt_video_6c_v1,true,1.000000,video_features_v1/04_P10_20231123_16_26_50_28.npz::valid_mask,video_features_v1/04_P10_20231123_16_26_50_28.npz,"[10, 512]",float32,torchvision_r3d_18,0.24.1_kinetics400_v1,
04_P10_20231123_16_28_51_32,video,P10,P10_20231123_1628_51,val,"[""Upper_body_video_04/04_P10_20231123_16_28_51_32.mp4""]",0,0,10000,10000,Messaging,2,dcpt_video_6c_v1,true,1.000000,video_features_v1/04_P10_20231123_16_28_51_32.npz::valid_mask,video_features_v1/04_P10_20231123_16_28_51_32.npz,"[10, 512]",float32,torchvision_r3d_18,0.24.1_kinetics400_v1,
04_P10_20231123_16_30_54_30,video,P10,P10_20231123_1630_54,val,"[""Upper_body_video_04/04_P10_20231123_16_30_54_30.mp4""]",0,0,10000,10000,Messaging,2,dcpt_video_6c_v1,true,1.000000,video_features_v1/04_P10_20231123_16_30_54_30.npz::valid_mask,video_features_v1/04_P10_20231123_16_30_54_30.npz,"[10, 512]",float32,torchvision_r3d_18,0.24.1_kinetics400_v1,
04_P11_20231124_14_34_40_25,video,P11,P11_20231124_1434_40,train,"[""Upper_body_video_04/04_P11_20231124_14_34_40_25.mp4""]",0,0,10000,10000,Messaging,2,dcpt_video_6c_v1,true,1.000000,video_features_v1/04_P11_20231124_14_34_40_25.npz::valid_mask,video_features_v1/04_P11_20231124_14_34_40_25.npz,"[10, 512]",float32,torchvision_r3d_18,0.24.1_kinetics400_v1,
04_P11_20231124_14_36_53_22,video,P11,P11_20231124_1436_53,train,"[""Upper_body_video_04/04_P11_20231124_14_36_53_22.mp4""]",0,0,10000,10000,Messaging,2,dcpt_video_6c_v1,true,1.000000,video_features_v1/04_P11_20231124_14_36_53_22.npz::valid_mask,video_features_v1/04_P11_20231124_14_36_53_22.npz,"[10, 512]",float32,torchvision_r3d_18,0.24.1_kinetics400_v1,
04_P11_20231124_14_37_52_19,video,P11,P11_20231124_1437_52,train,"[""Upper_body_video_04/04_P11_20231124_14_37_52_19.mp4""]",0,0,10000,10000,Messaging,2,dcpt_video_6c_v1,true,1.000000,video_features_v1/04_P11_20231124_14_37_52_19.npz::valid_mask,video_features_v1/04_P11_20231124_14_37_52_19.npz,"[10, 512]",float32,torchvision_r3d_18,0.24.1_kinetics400_v1,
04_P12_20231125_14_27_53_19,video,P12,P12_20231125_1427_53,train,"[""Upper_body_video_04/04_P12_20231125_14_27_53_19.mp4""]",0,0,10000,10000,Messaging,2,dcpt_video_6c_v1,true,1.000000,video_features_v1/04_P12_20231125_14_27_53_19.npz::valid_mask,video_features_v1/04_P12_20231125_14_27_53_19.npz,"[10, 512]",float32,torchvision_r3d_18,0.24.1_kinetics400_v1,
04_P12_20231125_14_30_36_18,video,P12,P12_20231125_1430_36,train,"[""Upper_body_video_04/04_P12_20231125_14_30_36_18.mp4""]",0,0,10000,10000,Messaging,2,dcpt_video_6c_v1,true,1.000000,video_features_v1/04_P12_20231125_14_30_36_18.npz::valid_mask,video_features_v1/04_P12_20231125_14_30_36_18.npz,"[10, 512]",float32,torchvision_r3d_18,0.24.1_kinetics400_v1,
04_P12_20231125_14_32_46_23,video,P12,P12_20231125_1432_46,train,"[""Upper_body_video_04/04_P12_20231125_14_32_46_23.mp4""]",0,0,10000,10000,Messaging,2,dcpt_video_6c_v1,true,1.000000,video_features_v1/04_P12_20231125_14_32_46_23.npz::valid_mask,video_features_v1/04_P12_20231125_14_32_46_23.npz,"[10, 512]",float32,torchvision_r3d_18,0.24.1_kinetics400_v1,
04_P13_20231125_16_19_45_20,video,P13,P13_20231125_1619_45,train,"[""Upper_body_video_04/04_P13_20231125_16_19_45_20.mp4""]",0,0,10000,10000,Messaging,2,dcpt_video_6c_v1,true,1.000000,video_features_v1/04_P13_20231125_16_19_45_20.npz::valid_mask,video_features_v1/04_P13_20231125_16_19_45_20.npz,"[10, 512]",float32,torchvision_r3d_18,0.24.1_kinetics400_v1,
04_P13_20231125_16_21_01_15,video,P13,P13_20231125_1621_01,train,"[""Upper_body_video_04/04_P13_20231125_16_21_01_15.mp4""]",0,0,10000,10000,Messaging,2,dcpt_video_6c_v1,true,1.000000,video_features_v1/04_P13_20231125_16_21_01_15.npz::valid_mask,video_features_v1/04_P13_20231125_16_21_01_15.npz,"[10, 512]",float32,torchvision_r3d_18,0.24.1_kinetics400_v1,
04_P13_20231125_16_23_19_18,video,P13,P13_20231125_1623_19,train,"[""Upper_body_video_04/04_P13_20231125_16_23_19_18.mp4""]",0,0,10000,10000,Messaging,2,dcpt_video_6c_v1,true,1.000000,video_features_v1/04_P13_20231125_16_23_19_18.npz::valid_mask,video_features_v1/04_P13_20231125_16_23_19_18.npz,"[10, 512]",float32,torchvision_r3d_18,0.24.1_kinetics400_v1,
04_P14_20231128_14_48_21_27,video,P14,P14_20231128_1448_21,train,"[""Upper_body_video_04/04_P14_20231128_14_48_21_27.mp4""]",0,0,10000,10000,Messaging,2,dcpt_video_6c_v1,true,1.000000,video_features_v1/04_P14_20231128_14_48_21_27.npz::valid_mask,video_features_v1/04_P14_20231128_14_48_21_27.npz,"[10, 512]",float32,torchvision_r3d_18,0.24.1_kinetics400_v1,
04_P14_20231128_14_49_46_24,video,P14,P14_20231128_1449_46,train,"[""Upper_body_video_04/04_P14_20231128_14_49_46_24.mp4""]",0,0,10000,10000,Messaging,2,dcpt_video_6c_v1,true,1.000000,video_features_v1/04_P14_20231128_14_49_46_24.npz::valid_mask,video_features_v1/04_P14_20231128_14_49_46_24.npz,"[10, 512]",float32,torchvision_r3d_18,0.24.1_kinetics400_v1,
04_P14_20231128_14_50_54_23,video,P14,P14_20231128_1450_54,train,"[""Upper_body_video_04/04_P14_20231128_14_50_54_23.mp4""]",0,0,10000,10000,Messaging,2,dcpt_video_6c_v1,true,1.000000,video_features_v1/04_P14_20231128_14_50_54_23.npz::valid_mask,video_features_v1/04_P14_20231128_14_50_54_23.npz,"[10, 512]",float32,torchvision_r3d_18,0.24.1_kinetics400_v1,
04_P15_20231128_16_17_09_24,video,P15,P15_20231128_1617_09,test,"[""Upper_body_video_04/04_P15_20231128_16_17_09_24.mp4""]",0,0,10000,10000,Messaging,2,dcpt_video_6c_v1,true,1.000000,video_features_v1/04_P15_20231128_16_17_09_24.npz::valid_mask,video_features_v1/04_P15_20231128_16_17_09_24.npz,"[10, 512]",float32,torchvision_r3d_18,0.24.1_kinetics400_v1,
04_P15_20231128_16_18_25_23,video,P15,P15_20231128_1618_25,test,"[""Upper_body_video_04/04_P15_20231128_16_18_25_23.mp4""]",0,0,10000,10000,Messaging,2,dcpt_video_6c_v1,true,1.000000,video_features_v1/04_P15_20231128_16_18_25_23.npz::valid_mask,video_features_v1/04_P15_20231128_16_18_25_23.npz,"[10, 512]",float32,torchvision_r3d_18,0.24.1_kinetics400_v1,
04_P15_20231128_16_36_01_26,video,P15,P15_20231128_1636_01,test,"[""Upper_body_video_04/04_P15_20231128_16_36_01_26.mp4""]",0,0,10000,10000,Messaging,2,dcpt_video_6c_v1,true,1.000000,video_features_v1/04_P15_20231128_16_36_01_26.npz::valid_mask,video_features_v1/04_P15_20231128_16_36_01_26.npz,"[10, 512]",float32,torchvision_r3d_18,0.24.1_kinetics400_v1,
04_P16_20231130_13_25_18_35,video,P16,P16_20231130_1325_18,train,"[""Upper_body_video_04/04_P16_20231130_13_25_18_35.mp4""]",0,0,10000,10000,Messaging,2,dcpt_video_6c_v1,true,1.000000,video_features_v1/04_P16_20231130_13_25_18_35.npz::valid_mask,video_features_v1/04_P16_20231130_13_25_18_35.npz,"[10, 512]",float32,torchvision_r3d_18,0.24.1_kinetics400_v1,
04_P16_20231130_13_26_36_32,video,P16,P16_20231130_1326_36,train,"[""Upper_body_video_04/04_P16_20231130_13_26_36_32.mp4""]",0,0,10000,10000,Messaging,2,dcpt_video_6c_v1,true,1.000000,video_features_v1/04_P16_20231130_13_26_36_32.npz::valid_mask,video_features_v1/04_P16_20231130_13_26_36_32.npz,"[10, 512]",float32,torchvision_r3d_18,0.24.1_kinetics400_v1,
04_P16_20231130_13_27_30_25,video,P16,P16_20231130_1327_30,train,"[""Upper_body_video_04/04_P16_20231130_13_27_30_25.mp4""]",0,0,10000,10000,Messaging,2,dcpt_video_6c_v1,true,1.000000,video_features_v1/04_P16_20231130_13_27_30_25.npz::valid_mask,video_features_v1/04_P16_20231130_13_27_30_25.npz,"[10, 512]",float32,torchvision_r3d_18,0.24.1_kinetics400_v1,
04_P17_20231130_14_42_43_33,video,P17,P17_20231130_1442_43,train,"[""Upper_body_video_04/04_P17_20231130_14_42_43_33.mp4""]",0,0,10000,10000,Messaging,2,dcpt_video_6c_v1,true,1.000000,video_features_v1/04_P17_20231130_14_42_43_33.npz::valid_mask,video_features_v1/04_P17_20231130_14_42_43_33.npz,"[10, 512]",float32,torchvision_r3d_18,0.24.1_kinetics400_v1,
04_P17_20231130_14_44_22_29,video,P17,P17_20231130_1444_22,train,"[""Upper_body_video_04/04_P17_20231130_14_44_22_29.mp4""]",0,0,10000,10000,Messaging,2,dcpt_video_6c_v1,true,1.000000,video_features_v1/04_P17_20231130_14_44_22_29.npz::valid_mask,video_features_v1/04_P17_20231130_14_44_22_29.npz,"[10, 512]",float32,torchvision_r3d_18,0.24.1_kinetics400_v1,
04_P17_20231130_14_45_32_33,video,P17,P17_20231130_1445_32,train,"[""Upper_body_video_04/04_P17_20231130_14_45_32_33.mp4""]",0,0,10000,10000,Messaging,2,dcpt_video_6c_v1,true,1.000000,video_features_v1/04_P17_20231130_14_45_32_33.npz::valid_mask,video_features_v1/04_P17_20231130_14_45_32_33.npz,"[10, 512]",float32,torchvision_r3d_18,0.24.1_kinetics400_v1,
04_P18_20231130_18_54_26_19,video,P18,P18_20231130_1854_26,train,"[""Upper_body_video_04/04_P18_20231130_18_54_26_19.mp4""]",0,0,10000,10000,Messaging,2,dcpt_video_6c_v1,true,1.000000,video_features_v1/04_P18_20231130_18_54_26_19.npz::valid_mask,video_features_v1/04_P18_20231130_18_54_26_19.npz,"[10, 512]",float32,torchvision_r3d_18,0.24.1_kinetics400_v1,
04_P18_20231130_18_56_27_19,video,P18,P18_20231130_1856_27,train,"[""Upper_body_video_04/04_P18_20231130_18_56_27_19.mp4""]",0,0,10000,10000,Messaging,2,dcpt_video_6c_v1,true,1.000000,video_features_v1/04_P18_20231130_18_56_27_19.npz::valid_mask,video_features_v1/04_P18_20231130_18_56_27_19.npz,"[10, 512]",float32,torchvision_r3d_18,0.24.1_kinetics400_v1,
04_P18_20231130_18_57_27_27,video,P18,P18_20231130_1857_27,train,"[""Upper_body_video_04/04_P18_20231130_18_57_27_27.mp4""]",0,0,10000,10000,Messaging,2,dcpt_video_6c_v1,true,1.000000,video_features_v1/04_P18_20231130_18_57_27_27.npz::valid_mask,video_features_v1/04_P18_20231130_18_57_27_27.npz,"[10, 512]",float32,torchvision_r3d_18,0.24.1_kinetics400_v1,
04_P19_20231201_11_50_02_23,video,P19,P19_20231201_1150_02,train,"[""Upper_body_video_04/04_P19_20231201_11_50_02_23.mp4""]",0,0,10000,10000,Messaging,2,dcpt_video_6c_v1,true,1.000000,video_features_v1/04_P19_20231201_11_50_02_23.npz::valid_mask,video_features_v1/04_P19_20231201_11_50_02_23.npz,"[10, 512]",float32,torchvision_r3d_18,0.24.1_kinetics400_v1,
04_P19_20231201_11_52_09_23,video,P19,P19_20231201_1152_09,train,"[""Upper_body_video_04/04_P19_20231201_11_52_09_23.mp4""]",0,0,10000,10000,Messaging,2,dcpt_video_6c_v1,true,1.000000,video_features_v1/04_P19_20231201_11_52_09_23.npz::valid_mask,video_features_v1/04_P19_20231201_11_52_09_23.npz,"[10, 512]",float32,torchvision_r3d_18,0.24.1_kinetics400_v1,
04_P19_20231201_11_53_56_25,video,P19,P19_20231201_1153_56,train,"[""Upper_body_video_04/04_P19_20231201_11_53_56_25.mp4""]",0,0,10000,10000,Messaging,2,dcpt_video_6c_v1,true,1.000000,video_features_v1/04_P19_20231201_11_53_56_25.npz::valid_mask,video_features_v1/04_P19_20231201_11_53_56_25.npz,"[10, 512]",float32,torchvision_r3d_18,0.24.1_kinetics400_v1,
04_P20_20231201_16_10_52_18,video,P20,P20_20231201_1610_52,val,"[""Upper_body_video_04/04_P20_20231201_16_10_52_18.mp4""]",0,0,10000,10000,Messaging,2,dcpt_video_6c_v1,true,1.000000,video_features_v1/04_P20_20231201_16_10_52_18.npz::valid_mask,video_features_v1/04_P20_20231201_16_10_52_18.npz,"[10, 512]",float32,torchvision_r3d_18,0.24.1_kinetics400_v1,
04_P20_20231201_16_12_04_21,video,P20,P20_20231201_1612_04,val,"[""Upper_body_video_04/04_P20_20231201_16_12_04_21.mp4""]",0,0,10000,10000,Messaging,2,dcpt_video_6c_v1,true,1.000000,video_features_v1/04_P20_20231201_16_12_04_21.npz::valid_mask,video_features_v1/04_P20_20231201_16_12_04_21.npz,"[10, 512]",float32,torchvision_r3d_18,0.24.1_kinetics400_v1,
04_P20_20231201_16_14_22_19,video,P20,P20_20231201_1614_22,val,"[""Upper_body_video_04/04_P20_20231201_16_14_22_19.mp4""]",0,0,10000,10000,Messaging,2,dcpt_video_6c_v1,true,1.000000,video_features_v1/04_P20_20231201_16_14_22_19.npz::valid_mask,video_features_v1/04_P20_20231201_16_14_22_19.npz,"[10, 512]",float32,torchvision_r3d_18,0.24.1_kinetics400_v1,
04_P21_20231207_14_44_15_17,video,P21,P21_20231207_1444_15,test,"[""Upper_body_video_04/04_P21_20231207_14_44_15_17.mp4""]",0,0,10000,10000,Messaging,2,dcpt_video_6c_v1,true,1.000000,video_features_v1/04_P21_20231207_14_44_15_17.npz::valid_mask,video_features_v1/04_P21_20231207_14_44_15_17.npz,"[10, 512]",float32,torchvision_r3d_18,0.24.1_kinetics400_v1,
04_P21_20231207_14_45_10_15,video,P21,P21_20231207_1445_10,test,"[""Upper_body_video_04/04_P21_20231207_14_45_10_15.mp4""]",0,0,10000,10000,Messaging,2,dcpt_video_6c_v1,true,1.000000,video_features_v1/04_P21_20231207_14_45_10_15.npz::valid_mask,video_features_v1/04_P21_20231207_14_45_10_15.npz,"[10, 512]",float32,torchvision_r3d_18,0.24.1_kinetics400_v1,
04_P21_20231207_14_45_49_20,video,P21,P21_20231207_1445_49,test,"[""Upper_body_video_04/04_P21_20231207_14_45_49_20.mp4""]",0,0,10000,10000,Messaging,2,dcpt_video_6c_v1,true,1.000000,video_features_v1/04_P21_20231207_14_45_49_20.npz::valid_mask,video_features_v1/04_P21_20231207_14_45_49_20.npz,"[10, 512]",float32,torchvision_r3d_18,0.24.1_kinetics400_v1,
04_P22_20231207_15_52_25_26,video,P22,P22_20231207_1552_25,train,"[""Upper_body_video_04/04_P22_20231207_15_52_25_26.mp4""]",0,0,10000,10000,Messaging,2,dcpt_video_6c_v1,true,1.000000,video_features_v1/04_P22_20231207_15_52_25_26.npz::valid_mask,video_features_v1/04_P22_20231207_15_52_25_26.npz,"[10, 512]",float32,torchvision_r3d_18,0.24.1_kinetics400_v1,
04_P22_20231207_15_55_15_23,video,P22,P22_20231207_1555_15,train,"[""Upper_body_video_04/04_P22_20231207_15_55_15_23.mp4""]",0,0,10000,10000,Messaging,2,dcpt_video_6c_v1,true,1.000000,video_features_v1/04_P22_20231207_15_55_15_23.npz::valid_mask,video_features_v1/04_P22_20231207_15_55_15_23.npz,"[10, 512]",float32,torchvision_r3d_18,0.24.1_kinetics400_v1,
04_P22_20231207_15_56_09_22,video,P22,P22_20231207_1556_09,train,"[""Upper_body_video_04/04_P22_20231207_15_56_09_22.mp4""]",0,0,10000,10000,Messaging,2,dcpt_video_6c_v1,true,1.000000,video_features_v1/04_P22_20231207_15_56_09_22.npz::valid_mask,video_features_v1/04_P22_20231207_15_56_09_22.npz,"[10, 512]",float32,torchvision_r3d_18,0.24.1_kinetics400_v1,
04_P23_20231208_09_35_16_24,video,P23,P23_20231208_0935_16,train,"[""Upper_body_video_04/04_P23_20231208_09_35_16_24.mp4""]",0,0,10000,10000,Messaging,2,dcpt_video_6c_v1,true,1.000000,video_features_v1/04_P23_20231208_09_35_16_24.npz::valid_mask,video_features_v1/04_P23_20231208_09_35_16_24.npz,"[10, 512]",float32,torchvision_r3d_18,0.24.1_kinetics400_v1,
04_P23_20231208_09_36_36_20,video,P23,P23_20231208_0936_36,train,"[""Upper_body_video_04/04_P23_20231208_09_36_36_20.mp4""]",0,0,10000,10000,Messaging,2,dcpt_video_6c_v1,true,1.000000,video_features_v1/04_P23_20231208_09_36_36_20.npz::valid_mask,video_features_v1/04_P23_20231208_09_36_36_20.npz,"[10, 512]",float32,torchvision_r3d_18,0.24.1_kinetics400_v1,
04_P24_20231208_15_02_10_23,video,P24,P24_20231208_1502_10,train,"[""Upper_body_video_04/04_P24_20231208_15_02_10_23.mp4""]",0,0,10000,10000,Messaging,2,dcpt_video_6c_v1,true,1.000000,video_features_v1/04_P24_20231208_15_02_10_23.npz::valid_mask,video_features_v1/04_P24_20231208_15_02_10_23.npz,"[10, 512]",float32,torchvision_r3d_18,0.24.1_kinetics400_v1,
04_P24_20231208_15_03_07_26,video,P24,P24_20231208_1503_07,train,"[""Upper_body_video_04/04_P24_20231208_15_03_07_26.mp4""]",0,0,10000,10000,Messaging,2,dcpt_video_6c_v1,true,1.000000,video_features_v1/04_P24_20231208_15_03_07_26.npz::valid_mask,video_features_v1/04_P24_20231208_15_03_07_26.npz,"[10, 512]",float32,torchvision_r3d_18,0.24.1_kinetics400_v1,
04_P24_20231208_15_04_26_20,video,P24,P24_20231208_1504_26,train,"[""Upper_body_video_04/04_P24_20231208_15_04_26_20.mp4""]",0,0,10000,10000,Messaging,2,dcpt_video_6c_v1,true,1.000000,video_features_v1/04_P24_20231208_15_04_26_20.npz::valid_mask,video_features_v1/04_P24_20231208_15_04_26_20.npz,"[10, 512]",float32,torchvision_r3d_18,0.24.1_kinetics400_v1,
04_P25_20231208_15_58_14_36,video,P25,P25_20231208_1558_14,train,"[""Upper_body_video_04/04_P25_20231208_15_58_14_36.mp4""]",0,0,10000,10000,Messaging,2,dcpt_video_6c_v1,true,1.000000,video_features_v1/04_P25_20231208_15_58_14_36.npz::valid_mask,video_features_v1/04_P25_20231208_15_58_14_36.npz,"[10, 512]",float32,torchvision_r3d_18,0.24.1_kinetics400_v1,
04_P25_20231208_15_59_25_32,video,P25,P25_20231208_1559_25,train,"[""Upper_body_video_04/04_P25_20231208_15_59_25_32.mp4""]",0,0,10000,10000,Messaging,2,dcpt_video_6c_v1,true,1.000000,video_features_v1/04_P25_20231208_15_59_25_32.npz::valid_mask,video_features_v1/04_P25_20231208_15_59_25_32.npz,"[10, 512]",float32,torchvision_r3d_18,0.24.1_kinetics400_v1,
04_P25_20231208_16_00_27_25,video,P25,P25_20231208_1600_27,train,"[""Upper_body_video_04/04_P25_20231208_16_00_27_25.mp4""]",0,0,10000,10000,Messaging,2,dcpt_video_6c_v1,true,1.000000,video_features_v1/04_P25_20231208_16_00_27_25.npz::valid_mask,video_features_v1/04_P25_20231208_16_00_27_25.npz,"[10, 512]",float32,torchvision_r3d_18,0.24.1_kinetics400_v1,
04_P26_20231208_19_09_23_29,video,P26,P26_20231208_1909_23,train,"[""Upper_body_video_04/04_P26_20231208_19_09_23_29.mp4""]",0,0,10000,10000,Messaging,2,dcpt_video_6c_v1,true,1.000000,video_features_v1/04_P26_20231208_19_09_23_29.npz::valid_mask,video_features_v1/04_P26_20231208_19_09_23_29.npz,"[10, 512]",float32,torchvision_r3d_18,0.24.1_kinetics400_v1,
04_P26_20231208_19_10_37_30,video,P26,P26_20231208_1910_37,train,"[""Upper_body_video_04/04_P26_20231208_19_10_37_30.mp4""]",0,0,10000,10000,Messaging,2,dcpt_video_6c_v1,true,1.000000,video_features_v1/04_P26_20231208_19_10_37_30.npz::valid_mask,video_features_v1/04_P26_20231208_19_10_37_30.npz,"[10, 512]",float32,torchvision_r3d_18,0.24.1_kinetics400_v1,
04_P26_20231208_19_11_51_39,video,P26,P26_20231208_1911_51,train,"[""Upper_body_video_04/04_P26_20231208_19_11_51_39.mp4""]",0,0,10000,10000,Messaging,2,dcpt_video_6c_v1,true,1.000000,video_features_v1/04_P26_20231208_19_11_51_39.npz::valid_mask,video_features_v1/04_P26_20231208_19_11_51_39.npz,"[10, 512]",float32,torchvision_r3d_18,0.24.1_kinetics400_v1,
04_P27_20231226_14_39_45_29,video,P27,P27_20231226_1439_45,test,"[""Upper_body_video_04/04_P27_20231226_14_39_45_29.mp4""]",0,0,10000,10000,Messaging,2,dcpt_video_6c_v1,true,1.000000,video_features_v1/04_P27_20231226_14_39_45_29.npz::valid_mask,video_features_v1/04_P27_20231226_14_39_45_29.npz,"[10, 512]",float32,torchvision_r3d_18,0.24.1_kinetics400_v1,
04_P27_20231226_14_40_58_27,video,P27,P27_20231226_1440_58,test,"[""Upper_body_video_04/04_P27_20231226_14_40_58_27.mp4""]",0,0,10000,10000,Messaging,2,dcpt_video_6c_v1,true,1.000000,video_features_v1/04_P27_20231226_14_40_58_27.npz::valid_mask,video_features_v1/04_P27_20231226_14_40_58_27.npz,"[10, 512]",float32,torchvision_r3d_18,0.24.1_kinetics400_v1,
04_P27_20231226_14_42_13_20,video,P27,P27_20231226_1442_13,test,"[""Upper_body_video_04/04_P27_20231226_14_42_13_20.mp4""]",0,0,10000,10000,Messaging,2,dcpt_video_6c_v1,true,1.000000,video_features_v1/04_P27_20231226_14_42_13_20.npz::valid_mask,video_features_v1/04_P27_20231226_14_42_13_20.npz,"[10, 512]",float32,torchvision_r3d_18,0.24.1_kinetics400_v1,
04_P28_20231226_15_53_30_16,video,P28,P28_20231226_1553_30,train,"[""Upper_body_video_04/04_P28_20231226_15_53_30_16.mp4""]",0,0,10000,10000,Messaging,2,dcpt_video_6c_v1,true,1.000000,video_features_v1/04_P28_20231226_15_53_30_16.npz::valid_mask,video_features_v1/04_P28_20231226_15_53_30_16.npz,"[10, 512]",float32,torchvision_r3d_18,0.24.1_kinetics400_v1,
04_P28_20231226_15_54_37_17,video,P28,P28_20231226_1554_37,train,"[""Upper_body_video_04/04_P28_20231226_15_54_37_17.mp4""]",0,0,10000,10000,Messaging,2,dcpt_video_6c_v1,true,1.000000,video_features_v1/04_P28_20231226_15_54_37_17.npz::valid_mask,video_features_v1/04_P28_20231226_15_54_37_17.npz,"[10, 512]",float32,torchvision_r3d_18,0.24.1_kinetics400_v1,
04_P28_20231226_15_55_59_23,video,P28,P28_20231226_1555_59,train,"[""Upper_body_video_04/04_P28_20231226_15_55_59_23.mp4""]",0,0,10000,10000,Messaging,2,dcpt_video_6c_v1,true,1.000000,video_features_v1/04_P28_20231226_15_55_59_23.npz::valid_mask,video_features_v1/04_P28_20231226_15_55_59_23.npz,"[10, 512]",float32,torchvision_r3d_18,0.24.1_kinetics400_v1,
04_P29_20231229_09_09_15_15,video,P29,P29_20231229_0909_15,val,"[""Upper_body_video_04/04_P29_20231229_09_09_15_15.mp4""]",0,0,10000,10000,Messaging,2,dcpt_video_6c_v1,true,1.000000,video_features_v1/04_P29_20231229_09_09_15_15.npz::valid_mask,video_features_v1/04_P29_20231229_09_09_15_15.npz,"[10, 512]",float32,torchvision_r3d_18,0.24.1_kinetics400_v1,
04_P29_20231229_09_10_09_17,video,P29,P29_20231229_0910_09,val,"[""Upper_body_video_04/04_P29_20231229_09_10_09_17.mp4""]",0,0,10000,10000,Messaging,2,dcpt_video_6c_v1,true,1.000000,video_features_v1/04_P29_20231229_09_10_09_17.npz::valid_mask,video_features_v1/04_P29_20231229_09_10_09_17.npz,"[10, 512]",float32,torchvision_r3d_18,0.24.1_kinetics400_v1,
04_P29_20231229_09_11_19_16,video,P29,P29_20231229_0911_19,val,"[""Upper_body_video_04/04_P29_20231229_09_11_19_16.mp4""]",0,0,10000,10000,Messaging,2,dcpt_video_6c_v1,true,1.000000,video_features_v1/04_P29_20231229_09_11_19_16.npz::valid_mask,video_features_v1/04_P29_20231229_09_11_19_16.npz,"[10, 512]",float32,torchvision_r3d_18,0.24.1_kinetics400_v1,
04_P30_20231229_14_36_56_35,video,P30,P30_20231229_1436_56,train,"[""Upper_body_video_04/04_P30_20231229_14_36_56_35.mp4""]",0,0,10000,10000,Messaging,2,dcpt_video_6c_v1,true,1.000000,video_features_v1/04_P30_20231229_14_36_56_35.npz::valid_mask,video_features_v1/04_P30_20231229_14_36_56_35.npz,"[10, 512]",float32,torchvision_r3d_18,0.24.1_kinetics400_v1,
04_P30_20231229_14_38_05_36,video,P30,P30_20231229_1438_05,train,"[""Upper_body_video_04/04_P30_20231229_14_38_05_36.mp4""]",0,0,10000,10000,Messaging,2,dcpt_video_6c_v1,true,1.000000,video_features_v1/04_P30_20231229_14_38_05_36.npz::valid_mask,video_features_v1/04_P30_20231229_14_38_05_36.npz,"[10, 512]",float32,torchvision_r3d_18,0.24.1_kinetics400_v1,
04_P30_20231229_14_39_10_34,video,P30,P30_20231229_1439_10,train,"[""Upper_body_video_04/04_P30_20231229_14_39_10_34.mp4""]",0,0,10000,10000,Messaging,2,dcpt_video_6c_v1,true,1.000000,video_features_v1/04_P30_20231229_14_39_10_34.npz::valid_mask,video_features_v1/04_P30_20231229_14_39_10_34.npz,"[10, 512]",float32,torchvision_r3d_18,0.24.1_kinetics400_v1,
04_P31_20231229_15_55_24_42,video,P31,P31_20231229_1555_24,train,"[""Upper_body_video_04/04_P31_20231229_15_55_24_42.mp4""]",0,0,10000,10000,Messaging,2,dcpt_video_6c_v1,true,1.000000,video_features_v1/04_P31_20231229_15_55_24_42.npz::valid_mask,video_features_v1/04_P31_20231229_15_55_24_42.npz,"[10, 512]",float32,torchvision_r3d_18,0.24.1_kinetics400_v1,
04_P31_20231229_15_56_12_38,video,P31,P31_20231229_1556_12,train,"[""Upper_body_video_04/04_P31_20231229_15_56_12_38.mp4""]",0,0,10000,10000,Messaging,2,dcpt_video_6c_v1,true,1.000000,video_features_v1/04_P31_20231229_15_56_12_38.npz::valid_mask,video_features_v1/04_P31_20231229_15_56_12_38.npz,"[10, 512]",float32,torchvision_r3d_18,0.24.1_kinetics400_v1,
04_P31_20231229_15_57_33_22,video,P31,P31_20231229_1557_33,train,"[""Upper_body_video_04/04_P31_20231229_15_57_33_22.mp4""]",0,0,10000,10000,Messaging,2,dcpt_video_6c_v1,true,1.000000,video_features_v1/04_P31_20231229_15_57_33_22.npz::valid_mask,video_features_v1/04_P31_20231229_15_57_33_22.npz,"[10, 512]",float32,torchvision_r3d_18,0.24.1_kinetics400_v1,
04_P32_20231229_18_54_48_25,video,P32,P32_20231229_1854_48,test,"[""Upper_body_video_04/04_P32_20231229_18_54_48_25.mp4""]",0,0,10000,10000,Messaging,2,dcpt_video_6c_v1,true,1.000000,video_features_v1/04_P32_20231229_18_54_48_25.npz::valid_mask,video_features_v1/04_P32_20231229_18_54_48_25.npz,"[10, 512]",float32,torchvision_r3d_18,0.24.1_kinetics400_v1,
04_P32_20231229_18_56_10_28,video,P32,P32_20231229_1856_10,test,"[""Upper_body_video_04/04_P32_20231229_18_56_10_28.mp4""]",0,0,10000,10000,Messaging,2,dcpt_video_6c_v1,true,1.000000,video_features_v1/04_P32_20231229_18_56_10_28.npz::valid_mask,video_features_v1/04_P32_20231229_18_56_10_28.npz,"[10, 512]",float32,torchvision_r3d_18,0.24.1_kinetics400_v1,
04_P32_20231229_18_57_17_17,video,P32,P32_20231229_1857_17,test,"[""Upper_body_video_04/04_P32_20231229_18_57_17_17.mp4""]",0,0,10000,10000,Messaging,2,dcpt_video_6c_v1,true,1.000000,video_features_v1/04_P32_20231229_18_57_17_17.npz::valid_mask,video_features_v1/04_P32_20231229_18_57_17_17.npz,"[10, 512]",float32,torchvision_r3d_18,0.24.1_kinetics400_v1,
04_P33_20240108_16_03_52_22,video,P33,P33_20240108_1603_52,test,"[""Upper_body_video_04/04_P33_20240108_16_03_52_22.mp4""]",0,0,10000,10000,Messaging,2,dcpt_video_6c_v1,true,1.000000,video_features_v1/04_P33_20240108_16_03_52_22.npz::valid_mask,video_features_v1/04_P33_20240108_16_03_52_22.npz,"[10, 512]",float32,torchvision_r3d_18,0.24.1_kinetics400_v1,
04_P33_20240108_16_04_38_20,video,P33,P33_20240108_1604_38,test,"[""Upper_body_video_04/04_P33_20240108_16_04_38_20.mp4""]",0,0,10000,10000,Messaging,2,dcpt_video_6c_v1,true,1.000000,video_features_v1/04_P33_20240108_16_04_38_20.npz::valid_mask,video_features_v1/04_P33_20240108_16_04_38_20.npz,"[10, 512]",float32,torchvision_r3d_18,0.24.1_kinetics400_v1,
04_P33_20240108_16_05_36_21,video,P33,P33_20240108_1605_36,test,"[""Upper_body_video_04/04_P33_20240108_16_05_36_21.mp4""]",0,0,10000,10000,Messaging,2,dcpt_video_6c_v1,true,1.000000,video_features_v1/04_P33_20240108_16_05_36_21.npz::valid_mask,video_features_v1/04_P33_20240108_16_05_36_21.npz,"[10, 512]",float32,torchvision_r3d_18,0.24.1_kinetics400_v1,
04_P34_20240108_14_42_32_15,video,P34,P34_20240108_1442_32,val,"[""Upper_body_video_04/04_P34_20240108_14_42_32_15.mp4""]",0,0,10000,10000,Messaging,2,dcpt_video_6c_v1,true,1.000000,video_features_v1/04_P34_20240108_14_42_32_15.npz::valid_mask,video_features_v1/04_P34_20240108_14_42_32_15.npz,"[10, 512]",float32,torchvision_r3d_18,0.24.1_kinetics400_v1,
04_P34_20240108_14_43_49_15,video,P34,P34_20240108_1443_49,val,"[""Upper_body_video_04/04_P34_20240108_14_43_49_15.mp4""]",0,0,10000,10000,Messaging,2,dcpt_video_6c_v1,true,1.000000,video_features_v1/04_P34_20240108_14_43_49_15.npz::valid_mask,video_features_v1/04_P34_20240108_14_43_49_15.npz,"[10, 512]",float32,torchvision_r3d_18,0.24.1_kinetics400_v1,
04_P34_20240108_14_45_02_22,video,P34,P34_20240108_1445_02,val,"[""Upper_body_video_04/04_P34_20240108_14_45_02_22.mp4""]",0,0,10000,10000,Messaging,2,dcpt_video_6c_v1,true,1.000000,video_features_v1/04_P34_20240108_14_45_02_22.npz::valid_mask,video_features_v1/04_P34_20240108_14_45_02_22.npz,"[10, 512]",float32,torchvision_r3d_18,0.24.1_kinetics400_v1,
04_P35_20240109_09_23_21_17,video,P35,P35_20240109_0923_21,train,"[""Upper_body_video_04/04_P35_20240109_09_23_21_17.mp4""]",0,0,10000,10000,Messaging,2,dcpt_video_6c_v1,true,1.000000,video_features_v1/04_P35_20240109_09_23_21_17.npz::valid_mask,video_features_v1/04_P35_20240109_09_23_21_17.npz,"[10, 512]",float32,torchvision_r3d_18,0.24.1_kinetics400_v1,
04_P35_20240109_09_24_48_26,video,P35,P35_20240109_0924_48,train,"[""Upper_body_video_04/04_P35_20240109_09_24_48_26.mp4""]",0,0,10000,10000,Messaging,2,dcpt_video_6c_v1,true,1.000000,video_features_v1/04_P35_20240109_09_24_48_26.npz::valid_mask,video_features_v1/04_P35_20240109_09_24_48_26.npz,"[10, 512]",float32,torchvision_r3d_18,0.24.1_kinetics400_v1,
04_P35_20240109_09_26_04_44,video,P35,P35_20240109_0926_04,train,"[""Upper_body_video_04/04_P35_20240109_09_26_04_44.mp4""]",0,0,10000,10000,Messaging,2,dcpt_video_6c_v1,true,1.000000,video_features_v1/04_P35_20240109_09_26_04_44.npz::valid_mask,video_features_v1/04_P35_20240109_09_26_04_44.npz,"[10, 512]",float32,torchvision_r3d_18,0.24.1_kinetics400_v1,
04_P36_20240109_16_56_38_16,video,P36,P36_20240109_1656_38,train,"[""Upper_body_video_04/04_P36_20240109_16_56_38_16.mp4""]",0,0,10000,10000,Messaging,2,dcpt_video_6c_v1,true,1.000000,video_features_v1/04_P36_20240109_16_56_38_16.npz::valid_mask,video_features_v1/04_P36_20240109_16_56_38_16.npz,"[10, 512]",float32,torchvision_r3d_18,0.24.1_kinetics400_v1,
04_P36_20240109_16_57_43_22,video,P36,P36_20240109_1657_43,train,"[""Upper_body_video_04/04_P36_20240109_16_57_43_22.mp4""]",0,0,10000,10000,Messaging,2,dcpt_video_6c_v1,true,1.000000,video_features_v1/04_P36_20240109_16_57_43_22.npz::valid_mask,video_features_v1/04_P36_20240109_16_57_43_22.npz,"[10, 512]",float32,torchvision_r3d_18,0.24.1_kinetics400_v1,
04_P36_20240109_16_58_29_21,video,P36,P36_20240109_1658_29,train,"[""Upper_body_video_04/04_P36_20240109_16_58_29_21.mp4""]",0,0,10000,10000,Messaging,2,dcpt_video_6c_v1,true,1.000000,video_features_v1/04_P36_20240109_16_58_29_21.npz::valid_mask,video_features_v1/04_P36_20240109_16_58_29_21.npz,"[10, 512]",float32,torchvision_r3d_18,0.24.1_kinetics400_v1,
04_P37_20240109_18_55_56_30,video,P37,P37_20240109_1855_56,train,"[""Upper_body_video_04/04_P37_20240109_18_55_56_30.mp4""]",0,0,10000,10000,Messaging,2,dcpt_video_6c_v1,true,1.000000,video_features_v1/04_P37_20240109_18_55_56_30.npz::valid_mask,video_features_v1/04_P37_20240109_18_55_56_30.npz,"[10, 512]",float32,torchvision_r3d_18,0.24.1_kinetics400_v1,
04_P37_20240109_18_57_15_26,video,P37,P37_20240109_1857_15,train,"[""Upper_body_video_04/04_P37_20240109_18_57_15_26.mp4""]",0,0,10000,10000,Messaging,2,dcpt_video_6c_v1,true,1.000000,video_features_v1/04_P37_20240109_18_57_15_26.npz::valid_mask,video_features_v1/04_P37_20240109_18_57_15_26.npz,"[10, 512]",float32,torchvision_r3d_18,0.24.1_kinetics400_v1,
04_P37_20240109_18_58_38_31,video,P37,P37_20240109_1858_38,train,"[""Upper_body_video_04/04_P37_20240109_18_58_38_31.mp4""]",0,0,10000,10000,Messaging,2,dcpt_video_6c_v1,true,1.000000,video_features_v1/04_P37_20240109_18_58_38_31.npz::valid_mask,video_features_v1/04_P37_20240109_18_58_38_31.npz,"[10, 512]",float32,torchvision_r3d_18,0.24.1_kinetics400_v1,
04_P38_20240110_14_29_00_24,video,P38,P38_20240110_1429_00,test,"[""Upper_body_video_04/04_P38_20240110_14_29_00_24.mp4""]",0,0,10000,10000,Messaging,2,dcpt_video_6c_v1,true,1.000000,video_features_v1/04_P38_20240110_14_29_00_24.npz::valid_mask,video_features_v1/04_P38_20240110_14_29_00_24.npz,"[10, 512]",float32,torchvision_r3d_18,0.24.1_kinetics400_v1,
04_P38_20240110_14_30_16_27,video,P38,P38_20240110_1430_16,test,"[""Upper_body_video_04/04_P38_20240110_14_30_16_27.mp4""]",0,0,10000,10000,Messaging,2,dcpt_video_6c_v1,true,1.000000,video_features_v1/04_P38_20240110_14_30_16_27.npz::valid_mask,video_features_v1/04_P38_20240110_14_30_16_27.npz,"[10, 512]",float32,torchvision_r3d_18,0.24.1_kinetics400_v1,
04_P38_20240110_14_31_42_25,video,P38,P38_20240110_1431_42,test,"[""Upper_body_video_04/04_P38_20240110_14_31_42_25.mp4""]",0,0,10000,10000,Messaging,2,dcpt_video_6c_v1,true,1.000000,video_features_v1/04_P38_20240110_14_31_42_25.npz::valid_mask,video_features_v1/04_P38_20240110_14_31_42_25.npz,"[10, 512]",float32,torchvision_r3d_18,0.24.1_kinetics400_v1,
04_P39_20240110_15_40_57_27,video,P39,P39_20240110_1540_57,train,"[""Upper_body_video_04/04_P39_20240110_15_40_57_27.mp4""]",0,0,10000,10000,Messaging,2,dcpt_video_6c_v1,false,0.900000,video_features_v1/04_P39_20240110_15_40_57_27.npz::valid_mask,video_features_v1/04_P39_20240110_15_40_57_27.npz,"[10, 512]",float32,torchvision_r3d_18,0.24.1_kinetics400_v1,coverage_below_0.95
04_P39_20240110_15_42_19_27,video,P39,P39_20240110_1542_19,train,"[""Upper_body_video_04/04_P39_20240110_15_42_19_27.mp4""]",0,0,10000,10000,Messaging,2,dcpt_video_6c_v1,false,0.900000,video_features_v1/04_P39_20240110_15_42_19_27.npz::valid_mask,video_features_v1/04_P39_20240110_15_42_19_27.npz,"[10, 512]",float32,torchvision_r3d_18,0.24.1_kinetics400_v1,coverage_below_0.95
04_P39_20240110_15_43_57_40,video,P39,P39_20240110_1543_57,train,"[""Upper_body_video_04/04_P39_20240110_15_43_57_40.mp4""]",0,0,10000,10000,Messaging,2,dcpt_video_6c_v1,true,1.000000,video_features_v1/04_P39_20240110_15_43_57_40.npz::valid_mask,video_features_v1/04_P39_20240110_15_43_57_40.npz,"[10, 512]",float32,torchvision_r3d_18,0.24.1_kinetics400_v1,
04_P40_20240110_17_06_34_30,video,P40,P40_20240110_1706_34,val,"[""Upper_body_video_04/04_P40_20240110_17_06_34_30.mp4""]",0,0,10000,10000,Messaging,2,dcpt_video_6c_v1,true,1.000000,video_features_v1/04_P40_20240110_17_06_34_30.npz::valid_mask,video_features_v1/04_P40_20240110_17_06_34_30.npz,"[10, 512]",float32,torchvision_r3d_18,0.24.1_kinetics400_v1,
04_P40_20240110_17_07_54_35,video,P40,P40_20240110_1707_54,val,"[""Upper_body_video_04/04_P40_20240110_17_07_54_35.mp4""]",0,0,10000,10000,Messaging,2,dcpt_video_6c_v1,true,1.000000,video_features_v1/04_P40_20240110_17_07_54_35.npz::valid_mask,video_features_v1/04_P40_20240110_17_07_54_35.npz,"[10, 512]",float32,torchvision_r3d_18,0.24.1_kinetics400_v1,
04_P40_20240110_17_09_23_32,video,P40,P40_20240110_1709_23,val,"[""Upper_body_video_04/04_P40_20240110_17_09_23_32.mp4""]",0,0,10000,10000,Messaging,2,dcpt_video_6c_v1,true,1.000000,video_features_v1/04_P40_20240110_17_09_23_32.npz::valid_mask,video_features_v1/04_P40_20240110_17_09_23_32.npz,"[10, 512]",float32,torchvision_r3d_18,0.24.1_kinetics400_v1,
05_P01_20231111_10_29_01_16,video,P01,P01_20231111_1029_01,val,"[""Upper_body_video_05/05_P01_20231111_10_29_01_16.mp4""]",0,0,10000,10000,Phone call,3,dcpt_video_6c_v1,true,1.000000,video_features_v1/05_P01_20231111_10_29_01_16.npz::valid_mask,video_features_v1/05_P01_20231111_10_29_01_16.npz,"[10, 512]",float32,torchvision_r3d_18,0.24.1_kinetics400_v1,
05_P01_20231111_10_30_55_13,video,P01,P01_20231111_1030_55,val,"[""Upper_body_video_05/05_P01_20231111_10_30_55_13.mp4""]",0,0,10000,10000,Phone call,3,dcpt_video_6c_v1,true,1.000000,video_features_v1/05_P01_20231111_10_30_55_13.npz::valid_mask,video_features_v1/05_P01_20231111_10_30_55_13.npz,"[10, 512]",float32,torchvision_r3d_18,0.24.1_kinetics400_v1,
05_P02_20231114_14_43_37_14,video,P02,P02_20231114_1443_37,train,"[""Upper_body_video_05/05_P02_20231114_14_43_37_14.mp4""]",0,0,10000,10000,Phone call,3,dcpt_video_6c_v1,true,1.000000,video_features_v1/05_P02_20231114_14_43_37_14.npz::valid_mask,video_features_v1/05_P02_20231114_14_43_37_14.npz,"[10, 512]",float32,torchvision_r3d_18,0.24.1_kinetics400_v1,
05_P02_20231114_14_45_54_17,video,P02,P02_20231114_1445_54,train,"[""Upper_body_video_05/05_P02_20231114_14_45_54_17.mp4""]",0,0,10000,10000,Phone call,3,dcpt_video_6c_v1,true,1.000000,video_features_v1/05_P02_20231114_14_45_54_17.npz::valid_mask,video_features_v1/05_P02_20231114_14_45_54_17.npz,"[10, 512]",float32,torchvision_r3d_18,0.24.1_kinetics400_v1,
05_P02_20231114_14_47_20_14,video,P02,P02_20231114_1447_20,train,"[""Upper_body_video_05/05_P02_20231114_14_47_20_14.mp4""]",0,0,10000,10000,Phone call,3,dcpt_video_6c_v1,true,1.000000,video_features_v1/05_P02_20231114_14_47_20_14.npz::valid_mask,video_features_v1/05_P02_20231114_14_47_20_14.npz,"[10, 512]",float32,torchvision_r3d_18,0.24.1_kinetics400_v1,
05_P03_20231114_16_29_15_19,video,P03,P03_20231114_1629_15,val,"[""Upper_body_video_05/05_P03_20231114_16_29_15_19.mp4""]",0,0,10000,10000,Phone call,3,dcpt_video_6c_v1,true,1.000000,video_features_v1/05_P03_20231114_16_29_15_19.npz::valid_mask,video_features_v1/05_P03_20231114_16_29_15_19.npz,"[10, 512]",float32,torchvision_r3d_18,0.24.1_kinetics400_v1,
05_P03_20231114_16_30_14_13,video,P03,P03_20231114_1630_14,val,"[""Upper_body_video_05/05_P03_20231114_16_30_14_13.mp4""]",0,0,10000,10000,Phone call,3,dcpt_video_6c_v1,true,1.000000,video_features_v1/05_P03_20231114_16_30_14_13.npz::valid_mask,video_features_v1/05_P03_20231114_16_30_14_13.npz,"[10, 512]",float32,torchvision_r3d_18,0.24.1_kinetics400_v1,
05_P03_20231114_16_32_01_13,video,P03,P03_20231114_1632_01,val,"[""Upper_body_video_05/05_P03_20231114_16_32_01_13.mp4""]",0,0,10000,10000,Phone call,3,dcpt_video_6c_v1,true,1.000000,video_features_v1/05_P03_20231114_16_32_01_13.npz::valid_mask,video_features_v1/05_P03_20231114_16_32_01_13.npz,"[10, 512]",float32,torchvision_r3d_18,0.24.1_kinetics400_v1,
05_P04_20231115_19_19_09_22,video,P04,P04_20231115_1919_09,val,"[""Upper_body_video_05/05_P04_20231115_19_19_09_22.mp4""]",0,0,10000,10000,Phone call,3,dcpt_video_6c_v1,true,1.000000,video_features_v1/05_P04_20231115_19_19_09_22.npz::valid_mask,video_features_v1/05_P04_20231115_19_19_09_22.npz,"[10, 512]",float32,torchvision_r3d_18,0.24.1_kinetics400_v1,
05_P04_20231115_19_22_20_25,video,P04,P04_20231115_1922_20,val,"[""Upper_body_video_05/05_P04_20231115_19_22_20_25.mp4""]",0,0,10000,10000,Phone call,3,dcpt_video_6c_v1,true,1.000000,video_features_v1/05_P04_20231115_19_22_20_25.npz::valid_mask,video_features_v1/05_P04_20231115_19_22_20_25.npz,"[10, 512]",float32,torchvision_r3d_18,0.24.1_kinetics400_v1,
05_P04_20231115_19_24_07_33,video,P04,P04_20231115_1924_07,val,"[""Upper_body_video_05/05_P04_20231115_19_24_07_33.mp4""]",0,0,10000,10000,Phone call,3,dcpt_video_6c_v1,true,1.000000,video_features_v1/05_P04_20231115_19_24_07_33.npz::valid_mask,video_features_v1/05_P04_20231115_19_24_07_33.npz,"[10, 512]",float32,torchvision_r3d_18,0.24.1_kinetics400_v1,
05_P05_20231116_11_06_33_17,video,P05,P05_20231116_1106_33,train,"[""Upper_body_video_05/05_P05_20231116_11_06_33_17.mp4""]",0,0,10000,10000,Phone call,3,dcpt_video_6c_v1,true,1.000000,video_features_v1/05_P05_20231116_11_06_33_17.npz::valid_mask,video_features_v1/05_P05_20231116_11_06_33_17.npz,"[10, 512]",float32,torchvision_r3d_18,0.24.1_kinetics400_v1,
05_P05_20231116_11_08_31_13,video,P05,P05_20231116_1108_31,train,"[""Upper_body_video_05/05_P05_20231116_11_08_31_13.mp4""]",0,0,10000,10000,Phone call,3,dcpt_video_6c_v1,true,1.000000,video_features_v1/05_P05_20231116_11_08_31_13.npz::valid_mask,video_features_v1/05_P05_20231116_11_08_31_13.npz,"[10, 512]",float32,torchvision_r3d_18,0.24.1_kinetics400_v1,
05_P05_20231116_11_10_31_17,video,P05,P05_20231116_1110_31,train,"[""Upper_body_video_05/05_P05_20231116_11_10_31_17.mp4""]",0,0,10000,10000,Phone call,3,dcpt_video_6c_v1,true,1.000000,video_features_v1/05_P05_20231116_11_10_31_17.npz::valid_mask,video_features_v1/05_P05_20231116_11_10_31_17.npz,"[10, 512]",float32,torchvision_r3d_18,0.24.1_kinetics400_v1,
05_P06_20231116_14_43_29_19,video,P06,P06_20231116_1443_29,train,"[""Upper_body_video_05/05_P06_20231116_14_43_29_19.mp4""]",0,0,10000,10000,Phone call,3,dcpt_video_6c_v1,true,1.000000,video_features_v1/05_P06_20231116_14_43_29_19.npz::valid_mask,video_features_v1/05_P06_20231116_14_43_29_19.npz,"[10, 512]",float32,torchvision_r3d_18,0.24.1_kinetics400_v1,
05_P06_20231116_14_45_11_16,video,P06,P06_20231116_1445_11,train,"[""Upper_body_video_05/05_P06_20231116_14_45_11_16.mp4""]",0,0,10000,10000,Phone call,3,dcpt_video_6c_v1,true,1.000000,video_features_v1/05_P06_20231116_14_45_11_16.npz::valid_mask,video_features_v1/05_P06_20231116_14_45_11_16.npz,"[10, 512]",float32,torchvision_r3d_18,0.24.1_kinetics400_v1,
05_P06_20231116_14_46_53_17,video,P06,P06_20231116_1446_53,train,"[""Upper_body_video_05/05_P06_20231116_14_46_53_17.mp4""]",0,0,10000,10000,Phone call,3,dcpt_video_6c_v1,true,1.000000,video_features_v1/05_P06_20231116_14_46_53_17.npz::valid_mask,video_features_v1/05_P06_20231116_14_46_53_17.npz,"[10, 512]",float32,torchvision_r3d_18,0.24.1_kinetics400_v1,
05_P07_20231116_16_57_40_18,video,P07,P07_20231116_1657_40,test,"[""Upper_body_video_05/05_P07_20231116_16_57_40_18.mp4""]",0,0,10000,10000,Phone call,3,dcpt_video_6c_v1,true,1.000000,video_features_v1/05_P07_20231116_16_57_40_18.npz::valid_mask,video_features_v1/05_P07_20231116_16_57_40_18.npz,"[10, 512]",float32,torchvision_r3d_18,0.24.1_kinetics400_v1,
05_P07_20231116_16_58_51_21,video,P07,P07_20231116_1658_51,test,"[""Upper_body_video_05/05_P07_20231116_16_58_51_21.mp4""]",0,0,10000,10000,Phone call,3,dcpt_video_6c_v1,true,1.000000,video_features_v1/05_P07_20231116_16_58_51_21.npz::valid_mask,video_features_v1/05_P07_20231116_16_58_51_21.npz,"[10, 512]",float32,torchvision_r3d_18,0.24.1_kinetics400_v1,
05_P07_20231116_17_00_48_15,video,P07,P07_20231116_1700_48,test,"[""Upper_body_video_05/05_P07_20231116_17_00_48_15.mp4""]",0,0,10000,10000,Phone call,3,dcpt_video_6c_v1,true,1.000000,video_features_v1/05_P07_20231116_17_00_48_15.npz::valid_mask,video_features_v1/05_P07_20231116_17_00_48_15.npz,"[10, 512]",float32,torchvision_r3d_18,0.24.1_kinetics400_v1,
05_P08_20231116_19_09_57_33,video,P08,P08_20231116_1909_57,test,"[""Upper_body_video_05/05_P08_20231116_19_09_57_33.mp4""]",0,0,10000,10000,Phone call,3,dcpt_video_6c_v1,true,1.000000,video_features_v1/05_P08_20231116_19_09_57_33.npz::valid_mask,video_features_v1/05_P08_20231116_19_09_57_33.npz,"[10, 512]",float32,torchvision_r3d_18,0.24.1_kinetics400_v1,
05_P08_20231116_19_12_26_16,video,P08,P08_20231116_1912_26,test,"[""Upper_body_video_05/05_P08_20231116_19_12_26_16.mp4""]",0,0,10000,10000,Phone call,3,dcpt_video_6c_v1,true,1.000000,video_features_v1/05_P08_20231116_19_12_26_16.npz::valid_mask,video_features_v1/05_P08_20231116_19_12_26_16.npz,"[10, 512]",float32,torchvision_r3d_18,0.24.1_kinetics400_v1,
05_P08_20231116_19_15_53_22,video,P08,P08_20231116_1915_53,test,"[""Upper_body_video_05/05_P08_20231116_19_15_53_22.mp4""]",0,0,10000,10000,Phone call,3,dcpt_video_6c_v1,true,1.000000,video_features_v1/05_P08_20231116_19_15_53_22.npz::valid_mask,video_features_v1/05_P08_20231116_19_15_53_22.npz,"[10, 512]",float32,torchvision_r3d_18,0.24.1_kinetics400_v1,
05_P09_20231117_09_58_56_16,video,P09,P09_20231117_0958_56,train,"[""Upper_body_video_05/05_P09_20231117_09_58_56_16.mp4""]",0,0,10000,10000,Phone call,3,dcpt_video_6c_v1,true,1.000000,video_features_v1/05_P09_20231117_09_58_56_16.npz::valid_mask,video_features_v1/05_P09_20231117_09_58_56_16.npz,"[10, 512]",float32,torchvision_r3d_18,0.24.1_kinetics400_v1,
05_P09_20231117_10_00_07_21,video,P09,P09_20231117_1000_07,train,"[""Upper_body_video_05/05_P09_20231117_10_00_07_21.mp4""]",0,0,10000,10000,Phone call,3,dcpt_video_6c_v1,true,1.000000,video_features_v1/05_P09_20231117_10_00_07_21.npz::valid_mask,video_features_v1/05_P09_20231117_10_00_07_21.npz,"[10, 512]",float32,torchvision_r3d_18,0.24.1_kinetics400_v1,
05_P09_20231117_10_01_12_16,video,P09,P09_20231117_1001_12,train,"[""Upper_body_video_05/05_P09_20231117_10_01_12_16.mp4""]",0,0,10000,10000,Phone call,3,dcpt_video_6c_v1,true,1.000000,video_features_v1/05_P09_20231117_10_01_12_16.npz::valid_mask,video_features_v1/05_P09_20231117_10_01_12_16.npz,"[10, 512]",float32,torchvision_r3d_18,0.24.1_kinetics400_v1,
05_P10_20231123_16_33_00_28,video,P10,P10_20231123_1633_00,val,"[""Upper_body_video_05/05_P10_20231123_16_33_00_28.mp4""]",0,0,10000,10000,Phone call,3,dcpt_video_6c_v1,true,1.000000,video_features_v1/05_P10_20231123_16_33_00_28.npz::valid_mask,video_features_v1/05_P10_20231123_16_33_00_28.npz,"[10, 512]",float32,torchvision_r3d_18,0.24.1_kinetics400_v1,
05_P10_20231123_16_35_25_31,video,P10,P10_20231123_1635_25,val,"[""Upper_body_video_05/05_P10_20231123_16_35_25_31.mp4""]",0,0,10000,10000,Phone call,3,dcpt_video_6c_v1,true,1.000000,video_features_v1/05_P10_20231123_16_35_25_31.npz::valid_mask,video_features_v1/05_P10_20231123_16_35_25_31.npz,"[10, 512]",float32,torchvision_r3d_18,0.24.1_kinetics400_v1,
05_P10_20231123_16_37_48_33,video,P10,P10_20231123_1637_48,val,"[""Upper_body_video_05/05_P10_20231123_16_37_48_33.mp4""]",0,0,10000,10000,Phone call,3,dcpt_video_6c_v1,true,1.000000,video_features_v1/05_P10_20231123_16_37_48_33.npz::valid_mask,video_features_v1/05_P10_20231123_16_37_48_33.npz,"[10, 512]",float32,torchvision_r3d_18,0.24.1_kinetics400_v1,
05_P11_20231124_14_39_48_20,video,P11,P11_20231124_1439_48,train,"[""Upper_body_video_05/05_P11_20231124_14_39_48_20.mp4""]",0,0,10000,10000,Phone call,3,dcpt_video_6c_v1,true,1.000000,video_features_v1/05_P11_20231124_14_39_48_20.npz::valid_mask,video_features_v1/05_P11_20231124_14_39_48_20.npz,"[10, 512]",float32,torchvision_r3d_18,0.24.1_kinetics400_v1,
05_P11_20231124_14_41_28_16,video,P11,P11_20231124_1441_28,train,"[""Upper_body_video_05/05_P11_20231124_14_41_28_16.mp4""]",0,0,10000,10000,Phone call,3,dcpt_video_6c_v1,true,1.000000,video_features_v1/05_P11_20231124_14_41_28_16.npz::valid_mask,video_features_v1/05_P11_20231124_14_41_28_16.npz,"[10, 512]",float32,torchvision_r3d_18,0.24.1_kinetics400_v1,
05_P11_20231124_14_43_01_18,video,P11,P11_20231124_1443_01,train,"[""Upper_body_video_05/05_P11_20231124_14_43_01_18.mp4""]",0,0,10000,10000,Phone call,3,dcpt_video_6c_v1,true,1.000000,video_features_v1/05_P11_20231124_14_43_01_18.npz::valid_mask,video_features_v1/05_P11_20231124_14_43_01_18.npz,"[10, 512]",float32,torchvision_r3d_18,0.24.1_kinetics400_v1,
05_P12_20231125_14_35_12_13,video,P12,P12_20231125_1435_12,train,"[""Upper_body_video_05/05_P12_20231125_14_35_12_13.mp4""]",0,0,10000,10000,Phone call,3,dcpt_video_6c_v1,true,1.000000,video_features_v1/05_P12_20231125_14_35_12_13.npz::valid_mask,video_features_v1/05_P12_20231125_14_35_12_13.npz,"[10, 512]",float32,torchvision_r3d_18,0.24.1_kinetics400_v1,
05_P12_20231125_14_36_54_14,video,P12,P12_20231125_1436_54,train,"[""Upper_body_video_05/05_P12_20231125_14_36_54_14.mp4""]",0,0,10000,10000,Phone call,3,dcpt_video_6c_v1,true,1.000000,video_features_v1/05_P12_20231125_14_36_54_14.npz::valid_mask,video_features_v1/05_P12_20231125_14_36_54_14.npz,"[10, 512]",float32,torchvision_r3d_18,0.24.1_kinetics400_v1,
05_P12_20231125_14_38_50_17,video,P12,P12_20231125_1438_50,train,"[""Upper_body_video_05/05_P12_20231125_14_38_50_17.mp4""]",0,0,10000,10000,Phone call,3,dcpt_video_6c_v1,true,1.000000,video_features_v1/05_P12_20231125_14_38_50_17.npz::valid_mask,video_features_v1/05_P12_20231125_14_38_50_17.npz,"[10, 512]",float32,torchvision_r3d_18,0.24.1_kinetics400_v1,
05_P13_20231125_16_26_14_25,video,P13,P13_20231125_1626_14,train,"[""Upper_body_video_05/05_P13_20231125_16_26_14_25.mp4""]",0,0,10000,10000,Phone call,3,dcpt_video_6c_v1,true,1.000000,video_features_v1/05_P13_20231125_16_26_14_25.npz::valid_mask,video_features_v1/05_P13_20231125_16_26_14_25.npz,"[10, 512]",float32,torchvision_r3d_18,0.24.1_kinetics400_v1,
05_P13_20231125_16_28_15_23,video,P13,P13_20231125_1628_15,train,"[""Upper_body_video_05/05_P13_20231125_16_28_15_23.mp4""]",0,0,10000,10000,Phone call,3,dcpt_video_6c_v1,true,1.000000,video_features_v1/05_P13_20231125_16_28_15_23.npz::valid_mask,video_features_v1/05_P13_20231125_16_28_15_23.npz,"[10, 512]",float32,torchvision_r3d_18,0.24.1_kinetics400_v1,
05_P14_20231128_14_52_25_23,video,P14,P14_20231128_1452_25,train,"[""Upper_body_video_05/05_P14_20231128_14_52_25_23.mp4""]",0,0,10000,10000,Phone call,3,dcpt_video_6c_v1,true,1.000000,video_features_v1/05_P14_20231128_14_52_25_23.npz::valid_mask,video_features_v1/05_P14_20231128_14_52_25_23.npz,"[10, 512]",float32,torchvision_r3d_18,0.24.1_kinetics400_v1,
05_P14_20231128_14_54_49_23,video,P14,P14_20231128_1454_49,train,"[""Upper_body_video_05/05_P14_20231128_14_54_49_23.mp4""]",0,0,10000,10000,Phone call,3,dcpt_video_6c_v1,true,1.000000,video_features_v1/05_P14_20231128_14_54_49_23.npz::valid_mask,video_features_v1/05_P14_20231128_14_54_49_23.npz,"[10, 512]",float32,torchvision_r3d_18,0.24.1_kinetics400_v1,
05_P14_20231128_14_56_12_23,video,P14,P14_20231128_1456_12,train,"[""Upper_body_video_05/05_P14_20231128_14_56_12_23.mp4""]",0,0,10000,10000,Phone call,3,dcpt_video_6c_v1,true,1.000000,video_features_v1/05_P14_20231128_14_56_12_23.npz::valid_mask,video_features_v1/05_P14_20231128_14_56_12_23.npz,"[10, 512]",float32,torchvision_r3d_18,0.24.1_kinetics400_v1,
05_P15_20231128_16_37_59_24,video,P15,P15_20231128_1637_59,test,"[""Upper_body_video_05/05_P15_20231128_16_37_59_24.mp4""]",0,0,10000,10000,Phone call,3,dcpt_video_6c_v1,true,1.000000,video_features_v1/05_P15_20231128_16_37_59_24.npz::valid_mask,video_features_v1/05_P15_20231128_16_37_59_24.npz,"[10, 512]",float32,torchvision_r3d_18,0.24.1_kinetics400_v1,
05_P15_20231128_16_39_05_21,video,P15,P15_20231128_1639_05,test,"[""Upper_body_video_05/05_P15_20231128_16_39_05_21.mp4""]",0,0,10000,10000,Phone call,3,dcpt_video_6c_v1,true,1.000000,video_features_v1/05_P15_20231128_16_39_05_21.npz::valid_mask,video_features_v1/05_P15_20231128_16_39_05_21.npz,"[10, 512]",float32,torchvision_r3d_18,0.24.1_kinetics400_v1,
05_P15_20231128_16_40_41_29,video,P15,P15_20231128_1640_41,test,"[""Upper_body_video_05/05_P15_20231128_16_40_41_29.mp4""]",0,0,10000,10000,Phone call,3,dcpt_video_6c_v1,true,1.000000,video_features_v1/05_P15_20231128_16_40_41_29.npz::valid_mask,video_features_v1/05_P15_20231128_16_40_41_29.npz,"[10, 512]",float32,torchvision_r3d_18,0.24.1_kinetics400_v1,
05_P16_20231130_13_29_37_33,video,P16,P16_20231130_1329_37,train,"[""Upper_body_video_05/05_P16_20231130_13_29_37_33.mp4""]",0,0,10000,10000,Phone call,3,dcpt_video_6c_v1,true,1.000000,video_features_v1/05_P16_20231130_13_29_37_33.npz::valid_mask,video_features_v1/05_P16_20231130_13_29_37_33.npz,"[10, 512]",float32,torchvision_r3d_18,0.24.1_kinetics400_v1,
05_P16_20231130_13_31_06_29,video,P16,P16_20231130_1331_06,train,"[""Upper_body_video_05/05_P16_20231130_13_31_06_29.mp4""]",0,0,10000,10000,Phone call,3,dcpt_video_6c_v1,true,1.000000,video_features_v1/05_P16_20231130_13_31_06_29.npz::valid_mask,video_features_v1/05_P16_20231130_13_31_06_29.npz,"[10, 512]",float32,torchvision_r3d_18,0.24.1_kinetics400_v1,
05_P16_20231130_13_34_33_33,video,P16,P16_20231130_1334_33,train,"[""Upper_body_video_05/05_P16_20231130_13_34_33_33.mp4""]",0,0,10000,10000,Phone call,3,dcpt_video_6c_v1,true,1.000000,video_features_v1/05_P16_20231130_13_34_33_33.npz::valid_mask,video_features_v1/05_P16_20231130_13_34_33_33.npz,"[10, 512]",float32,torchvision_r3d_18,0.24.1_kinetics400_v1,
05_P17_20231130_14_48_07_26,video,P17,P17_20231130_1448_07,train,"[""Upper_body_video_05/05_P17_20231130_14_48_07_26.mp4""]",0,0,10000,10000,Phone call,3,dcpt_video_6c_v1,true,1.000000,video_features_v1/05_P17_20231130_14_48_07_26.npz::valid_mask,video_features_v1/05_P17_20231130_14_48_07_26.npz,"[10, 512]",float32,torchvision_r3d_18,0.24.1_kinetics400_v1,
05_P17_20231130_14_50_13_30,video,P17,P17_20231130_1450_13,train,"[""Upper_body_video_05/05_P17_20231130_14_50_13_30.mp4""]",0,0,10000,10000,Phone call,3,dcpt_video_6c_v1,true,1.000000,video_features_v1/05_P17_20231130_14_50_13_30.npz::valid_mask,video_features_v1/05_P17_20231130_14_50_13_30.npz,"[10, 512]",float32,torchvision_r3d_18,0.24.1_kinetics400_v1,
05_P17_20231130_14_51_42_24,video,P17,P17_20231130_1451_42,train,"[""Upper_body_video_05/05_P17_20231130_14_51_42_24.mp4""]",0,0,10000,10000,Phone call,3,dcpt_video_6c_v1,true,1.000000,video_features_v1/05_P17_20231130_14_51_42_24.npz::valid_mask,video_features_v1/05_P17_20231130_14_51_42_24.npz,"[10, 512]",float32,torchvision_r3d_18,0.24.1_kinetics400_v1,
05_P18_20231130_19_14_12_19,video,P18,P18_20231130_1914_12,train,"[""Upper_body_video_05/05_P18_20231130_19_14_12_19.mp4""]",0,0,10000,10000,Phone call,3,dcpt_video_6c_v1,true,1.000000,video_features_v1/05_P18_20231130_19_14_12_19.npz::valid_mask,video_features_v1/05_P18_20231130_19_14_12_19.npz,"[10, 512]",float32,torchvision_r3d_18,0.24.1_kinetics400_v1,
05_P18_20231130_19_15_26_24,video,P18,P18_20231130_1915_26,train,"[""Upper_body_video_05/05_P18_20231130_19_15_26_24.mp4""]",0,0,10000,10000,Phone call,3,dcpt_video_6c_v1,true,1.000000,video_features_v1/05_P18_20231130_19_15_26_24.npz::valid_mask,video_features_v1/05_P18_20231130_19_15_26_24.npz,"[10, 512]",float32,torchvision_r3d_18,0.24.1_kinetics400_v1,
05_P18_20231130_19_18_59_18,video,P18,P18_20231130_1918_59,train,"[""Upper_body_video_05/05_P18_20231130_19_18_59_18.mp4""]",0,0,10000,10000,Phone call,3,dcpt_video_6c_v1,true,1.000000,video_features_v1/05_P18_20231130_19_18_59_18.npz::valid_mask,video_features_v1/05_P18_20231130_19_18_59_18.npz,"[10, 512]",float32,torchvision_r3d_18,0.24.1_kinetics400_v1,
05_P19_20231201_11_56_56_35,video,P19,P19_20231201_1156_56,train,"[""Upper_body_video_05/05_P19_20231201_11_56_56_35.mp4""]",0,0,10000,10000,Phone call,3,dcpt_video_6c_v1,true,1.000000,video_features_v1/05_P19_20231201_11_56_56_35.npz::valid_mask,video_features_v1/05_P19_20231201_11_56_56_35.npz,"[10, 512]",float32,torchvision_r3d_18,0.24.1_kinetics400_v1,
05_P19_20231201_12_00_03_31,video,P19,P19_20231201_1200_03,train,"[""Upper_body_video_05/05_P19_20231201_12_00_03_31.mp4""]",0,0,10000,10000,Phone call,3,dcpt_video_6c_v1,true,1.000000,video_features_v1/05_P19_20231201_12_00_03_31.npz::valid_mask,video_features_v1/05_P19_20231201_12_00_03_31.npz,"[10, 512]",float32,torchvision_r3d_18,0.24.1_kinetics400_v1,
05_P19_20231201_12_02_01_34,video,P19,P19_20231201_1202_01,train,"[""Upper_body_video_05/05_P19_20231201_12_02_01_34.mp4""]",0,0,10000,10000,Phone call,3,dcpt_video_6c_v1,true,1.000000,video_features_v1/05_P19_20231201_12_02_01_34.npz::valid_mask,video_features_v1/05_P19_20231201_12_02_01_34.npz,"[10, 512]",float32,torchvision_r3d_18,0.24.1_kinetics400_v1,
05_P20_20231201_16_18_05_17,video,P20,P20_20231201_1618_05,val,"[""Upper_body_video_05/05_P20_20231201_16_18_05_17.mp4""]",0,0,10000,10000,Phone call,3,dcpt_video_6c_v1,true,1.000000,video_features_v1/05_P20_20231201_16_18_05_17.npz::valid_mask,video_features_v1/05_P20_20231201_16_18_05_17.npz,"[10, 512]",float32,torchvision_r3d_18,0.24.1_kinetics400_v1,
05_P20_20231201_16_19_07_14,video,P20,P20_20231201_1619_07,val,"[""Upper_body_video_05/05_P20_20231201_16_19_07_14.mp4""]",0,0,10000,10000,Phone call,3,dcpt_video_6c_v1,true,1.000000,video_features_v1/05_P20_20231201_16_19_07_14.npz::valid_mask,video_features_v1/05_P20_20231201_16_19_07_14.npz,"[10, 512]",float32,torchvision_r3d_18,0.24.1_kinetics400_v1,
05_P20_20231201_16_20_46_15,video,P20,P20_20231201_1620_46,val,"[""Upper_body_video_05/05_P20_20231201_16_20_46_15.mp4""]",0,0,10000,10000,Phone call,3,dcpt_video_6c_v1,true,1.000000,video_features_v1/05_P20_20231201_16_20_46_15.npz::valid_mask,video_features_v1/05_P20_20231201_16_20_46_15.npz,"[10, 512]",float32,torchvision_r3d_18,0.24.1_kinetics400_v1,
05_P21_20231207_14_58_46_11,video,P21,P21_20231207_1458_46,test,"[""Upper_body_video_05/05_P21_20231207_14_58_46_11.mp4""]",0,0,10000,10000,Phone call,3,dcpt_video_6c_v1,false,0.900000,video_features_v1/05_P21_20231207_14_58_46_11.npz::valid_mask,video_features_v1/05_P21_20231207_14_58_46_11.npz,"[10, 512]",float32,torchvision_r3d_18,0.24.1_kinetics400_v1,coverage_below_0.95
05_P21_20231207_15_04_35_09,video,P21,P21_20231207_1504_35,test,"[""Upper_body_video_05/05_P21_20231207_15_04_35_09.mp4""]",0,0,10000,10000,Phone call,3,dcpt_video_6c_v1,true,1.000000,video_features_v1/05_P21_20231207_15_04_35_09.npz::valid_mask,video_features_v1/05_P21_20231207_15_04_35_09.npz,"[10, 512]",float32,torchvision_r3d_18,0.24.1_kinetics400_v1,
05_P21_20231207_15_07_26_09,video,P21,P21_20231207_1507_26,test,"[""Upper_body_video_05/05_P21_20231207_15_07_26_09.mp4""]",0,0,10000,10000,Phone call,3,dcpt_video_6c_v1,false,0.900000,video_features_v1/05_P21_20231207_15_07_26_09.npz::valid_mask,video_features_v1/05_P21_20231207_15_07_26_09.npz,"[10, 512]",float32,torchvision_r3d_18,0.24.1_kinetics400_v1,coverage_below_0.95
05_P22_20231207_16_04_47_22,video,P22,P22_20231207_1604_47,train,"[""Upper_body_video_05/05_P22_20231207_16_04_47_22.mp4""]",0,0,10000,10000,Phone call,3,dcpt_video_6c_v1,true,1.000000,video_features_v1/05_P22_20231207_16_04_47_22.npz::valid_mask,video_features_v1/05_P22_20231207_16_04_47_22.npz,"[10, 512]",float32,torchvision_r3d_18,0.24.1_kinetics400_v1,
05_P22_20231207_16_05_46_22,video,P22,P22_20231207_1605_46,train,"[""Upper_body_video_05/05_P22_20231207_16_05_46_22.mp4""]",0,0,10000,10000,Phone call,3,dcpt_video_6c_v1,true,1.000000,video_features_v1/05_P22_20231207_16_05_46_22.npz::valid_mask,video_features_v1/05_P22_20231207_16_05_46_22.npz,"[10, 512]",float32,torchvision_r3d_18,0.24.1_kinetics400_v1,
05_P23_20231208_09_40_27_29,video,P23,P23_20231208_0940_27,train,"[""Upper_body_video_05/05_P23_20231208_09_40_27_29.mp4""]",0,0,10000,10000,Phone call,3,dcpt_video_6c_v1,true,1.000000,video_features_v1/05_P23_20231208_09_40_27_29.npz::valid_mask,video_features_v1/05_P23_20231208_09_40_27_29.npz,"[10, 512]",float32,torchvision_r3d_18,0.24.1_kinetics400_v1,
05_P23_20231208_09_42_10_14,video,P23,P23_20231208_0942_10,train,"[""Upper_body_video_05/05_P23_20231208_09_42_10_14.mp4""]",0,0,10000,10000,Phone call,3,dcpt_video_6c_v1,true,1.000000,video_features_v1/05_P23_20231208_09_42_10_14.npz::valid_mask,video_features_v1/05_P23_20231208_09_42_10_14.npz,"[10, 512]",float32,torchvision_r3d_18,0.24.1_kinetics400_v1,
05_P24_20231208_15_10_02_31,video,P24,P24_20231208_1510_02,train,"[""Upper_body_video_05/05_P24_20231208_15_10_02_31.mp4""]",0,0,10000,10000,Phone call,3,dcpt_video_6c_v1,true,1.000000,video_features_v1/05_P24_20231208_15_10_02_31.npz::valid_mask,video_features_v1/05_P24_20231208_15_10_02_31.npz,"[10, 512]",float32,torchvision_r3d_18,0.24.1_kinetics400_v1,
05_P24_20231208_15_12_51_23,video,P24,P24_20231208_1512_51,train,"[""Upper_body_video_05/05_P24_20231208_15_12_51_23.mp4""]",0,0,10000,10000,Phone call,3,dcpt_video_6c_v1,true,1.000000,video_features_v1/05_P24_20231208_15_12_51_23.npz::valid_mask,video_features_v1/05_P24_20231208_15_12_51_23.npz,"[10, 512]",float32,torchvision_r3d_18,0.24.1_kinetics400_v1,
05_P24_20231208_15_14_33_43,video,P24,P24_20231208_1514_33,train,"[""Upper_body_video_05/05_P24_20231208_15_14_33_43.mp4""]",0,0,10000,10000,Phone call,3,dcpt_video_6c_v1,true,1.000000,video_features_v1/05_P24_20231208_15_14_33_43.npz::valid_mask,video_features_v1/05_P24_20231208_15_14_33_43.npz,"[10, 512]",float32,torchvision_r3d_18,0.24.1_kinetics400_v1,
05_P25_20231208_16_03_00_35,video,P25,P25_20231208_1603_00,train,"[""Upper_body_video_05/05_P25_20231208_16_03_00_35.mp4""]",0,0,10000,10000,Phone call,3,dcpt_video_6c_v1,true,1.000000,video_features_v1/05_P25_20231208_16_03_00_35.npz::valid_mask,video_features_v1/05_P25_20231208_16_03_00_35.npz,"[10, 512]",float32,torchvision_r3d_18,0.24.1_kinetics400_v1,
05_P25_20231208_16_04_11_17,video,P25,P25_20231208_1604_11,train,"[""Upper_body_video_05/05_P25_20231208_16_04_11_17.mp4""]",0,0,10000,10000,Phone call,3,dcpt_video_6c_v1,true,1.000000,video_features_v1/05_P25_20231208_16_04_11_17.npz::valid_mask,video_features_v1/05_P25_20231208_16_04_11_17.npz,"[10, 512]",float32,torchvision_r3d_18,0.24.1_kinetics400_v1,
05_P25_20231208_16_05_32_29,video,P25,P25_20231208_1605_32,train,"[""Upper_body_video_05/05_P25_20231208_16_05_32_29.mp4""]",0,0,10000,10000,Phone call,3,dcpt_video_6c_v1,true,1.000000,video_features_v1/05_P25_20231208_16_05_32_29.npz::valid_mask,video_features_v1/05_P25_20231208_16_05_32_29.npz,"[10, 512]",float32,torchvision_r3d_18,0.24.1_kinetics400_v1,
05_P26_20231208_19_16_15_28,video,P26,P26_20231208_1916_15,train,"[""Upper_body_video_05/05_P26_20231208_19_16_15_28.mp4""]",0,0,10000,10000,Phone call,3,dcpt_video_6c_v1,true,1.000000,video_features_v1/05_P26_20231208_19_16_15_28.npz::valid_mask,video_features_v1/05_P26_20231208_19_16_15_28.npz,"[10, 512]",float32,torchvision_r3d_18,0.24.1_kinetics400_v1,
05_P26_20231208_19_17_21_21,video,P26,P26_20231208_1917_21,train,"[""Upper_body_video_05/05_P26_20231208_19_17_21_21.mp4""]",0,0,10000,10000,Phone call,3,dcpt_video_6c_v1,true,1.000000,video_features_v1/05_P26_20231208_19_17_21_21.npz::valid_mask,video_features_v1/05_P26_20231208_19_17_21_21.npz,"[10, 512]",float32,torchvision_r3d_18,0.24.1_kinetics400_v1,
05_P26_20231208_19_18_37_18,video,P26,P26_20231208_1918_37,train,"[""Upper_body_video_05/05_P26_20231208_19_18_37_18.mp4""]",0,0,10000,10000,Phone call,3,dcpt_video_6c_v1,true,1.000000,video_features_v1/05_P26_20231208_19_18_37_18.npz::valid_mask,video_features_v1/05_P26_20231208_19_18_37_18.npz,"[10, 512]",float32,torchvision_r3d_18,0.24.1_kinetics400_v1,
05_P27_20231226_14_46_24_20,video,P27,P27_20231226_1446_24,test,"[""Upper_body_video_05/05_P27_20231226_14_46_24_20.mp4""]",0,0,10000,10000,Phone call,3,dcpt_video_6c_v1,true,1.000000,video_features_v1/05_P27_20231226_14_46_24_20.npz::valid_mask,video_features_v1/05_P27_20231226_14_46_24_20.npz,"[10, 512]",float32,torchvision_r3d_18,0.24.1_kinetics400_v1,
05_P27_20231226_14_47_20_21,video,P27,P27_20231226_1447_20,test,"[""Upper_body_video_05/05_P27_20231226_14_47_20_21.mp4""]",0,0,10000,10000,Phone call,3,dcpt_video_6c_v1,true,1.000000,video_features_v1/05_P27_20231226_14_47_20_21.npz::valid_mask,video_features_v1/05_P27_20231226_14_47_20_21.npz,"[10, 512]",float32,torchvision_r3d_18,0.24.1_kinetics400_v1,
05_P27_20231226_14_48_34_30,video,P27,P27_20231226_1448_34,test,"[""Upper_body_video_05/05_P27_20231226_14_48_34_30.mp4""]",0,0,10000,10000,Phone call,3,dcpt_video_6c_v1,true,1.000000,video_features_v1/05_P27_20231226_14_48_34_30.npz::valid_mask,video_features_v1/05_P27_20231226_14_48_34_30.npz,"[10, 512]",float32,torchvision_r3d_18,0.24.1_kinetics400_v1,
05_P28_20231226_15_59_11_16,video,P28,P28_20231226_1559_11,train,"[""Upper_body_video_05/05_P28_20231226_15_59_11_16.mp4""]",0,0,10000,10000,Phone call,3,dcpt_video_6c_v1,true,1.000000,video_features_v1/05_P28_20231226_15_59_11_16.npz::valid_mask,video_features_v1/05_P28_20231226_15_59_11_16.npz,"[10, 512]",float32,torchvision_r3d_18,0.24.1_kinetics400_v1,
05_P28_20231226_16_00_31_16,video,P28,P28_20231226_1600_31,train,"[""Upper_body_video_05/05_P28_20231226_16_00_31_16.mp4""]",0,0,10000,10000,Phone call,3,dcpt_video_6c_v1,true,1.000000,video_features_v1/05_P28_20231226_16_00_31_16.npz::valid_mask,video_features_v1/05_P28_20231226_16_00_31_16.npz,"[10, 512]",float32,torchvision_r3d_18,0.24.1_kinetics400_v1,
05_P28_20231226_16_01_48_23,video,P28,P28_20231226_1601_48,train,"[""Upper_body_video_05/05_P28_20231226_16_01_48_23.mp4""]",0,0,10000,10000,Phone call,3,dcpt_video_6c_v1,true,1.000000,video_features_v1/05_P28_20231226_16_01_48_23.npz::valid_mask,video_features_v1/05_P28_20231226_16_01_48_23.npz,"[10, 512]",float32,torchvision_r3d_18,0.24.1_kinetics400_v1,
05_P29_20231229_09_14_15_12,video,P29,P29_20231229_0914_15,val,"[""Upper_body_video_05/05_P29_20231229_09_14_15_12.mp4""]",0,0,10000,10000,Phone call,3,dcpt_video_6c_v1,true,1.000000,video_features_v1/05_P29_20231229_09_14_15_12.npz::valid_mask,video_features_v1/05_P29_20231229_09_14_15_12.npz,"[10, 512]",float32,torchvision_r3d_18,0.24.1_kinetics400_v1,
05_P29_20231229_09_15_09_20,video,P29,P29_20231229_0915_09,val,"[""Upper_body_video_05/05_P29_20231229_09_15_09_20.mp4""]",0,0,10000,10000,Phone call,3,dcpt_video_6c_v1,true,1.000000,video_features_v1/05_P29_20231229_09_15_09_20.npz::valid_mask,video_features_v1/05_P29_20231229_09_15_09_20.npz,"[10, 512]",float32,torchvision_r3d_18,0.24.1_kinetics400_v1,
05_P29_20231229_09_16_30_23,video,P29,P29_20231229_0916_30,val,"[""Upper_body_video_05/05_P29_20231229_09_16_30_23.mp4""]",0,0,10000,10000,Phone call,3,dcpt_video_6c_v1,true,1.000000,video_features_v1/05_P29_20231229_09_16_30_23.npz::valid_mask,video_features_v1/05_P29_20231229_09_16_30_23.npz,"[10, 512]",float32,torchvision_r3d_18,0.24.1_kinetics400_v1,
05_P30_20231229_14_42_14_33,video,P30,P30_20231229_1442_14,train,"[""Upper_body_video_05/05_P30_20231229_14_42_14_33.mp4""]",0,0,10000,10000,Phone call,3,dcpt_video_6c_v1,true,1.000000,video_features_v1/05_P30_20231229_14_42_14_33.npz::valid_mask,video_features_v1/05_P30_20231229_14_42_14_33.npz,"[10, 512]",float32,torchvision_r3d_18,0.24.1_kinetics400_v1,
05_P30_20231229_14_43_20_25,video,P30,P30_20231229_1443_20,train,"[""Upper_body_video_05/05_P30_20231229_14_43_20_25.mp4""]",0,0,10000,10000,Phone call,3,dcpt_video_6c_v1,true,1.000000,video_features_v1/05_P30_20231229_14_43_20_25.npz::valid_mask,video_features_v1/05_P30_20231229_14_43_20_25.npz,"[10, 512]",float32,torchvision_r3d_18,0.24.1_kinetics400_v1,
05_P30_20231229_14_44_56_32,video,P30,P30_20231229_1444_56,train,"[""Upper_body_video_05/05_P30_20231229_14_44_56_32.mp4""]",0,0,10000,10000,Phone call,3,dcpt_video_6c_v1,true,1.000000,video_features_v1/05_P30_20231229_14_44_56_32.npz::valid_mask,video_features_v1/05_P30_20231229_14_44_56_32.npz,"[10, 512]",float32,torchvision_r3d_18,0.24.1_kinetics400_v1,
05_P31_20231229_16_00_17_38,video,P31,P31_20231229_1600_17,train,"[""Upper_body_video_05/05_P31_20231229_16_00_17_38.mp4""]",0,0,10000,10000,Phone call,3,dcpt_video_6c_v1,true,1.000000,video_features_v1/05_P31_20231229_16_00_17_38.npz::valid_mask,video_features_v1/05_P31_20231229_16_00_17_38.npz,"[10, 512]",float32,torchvision_r3d_18,0.24.1_kinetics400_v1,
05_P31_20231229_16_01_16_28,video,P31,P31_20231229_1601_16,train,"[""Upper_body_video_05/05_P31_20231229_16_01_16_28.mp4""]",0,0,10000,10000,Phone call,3,dcpt_video_6c_v1,true,1.000000,video_features_v1/05_P31_20231229_16_01_16_28.npz::valid_mask,video_features_v1/05_P31_20231229_16_01_16_28.npz,"[10, 512]",float32,torchvision_r3d_18,0.24.1_kinetics400_v1,
05_P31_20231229_16_02_52_18,video,P31,P31_20231229_1602_52,train,"[""Upper_body_video_05/05_P31_20231229_16_02_52_18.mp4""]",0,0,10000,10000,Phone call,3,dcpt_video_6c_v1,true,1.000000,video_features_v1/05_P31_20231229_16_02_52_18.npz::valid_mask,video_features_v1/05_P31_20231229_16_02_52_18.npz,"[10, 512]",float32,torchvision_r3d_18,0.24.1_kinetics400_v1,
05_P32_20231229_19_09_58_19,video,P32,P32_20231229_1909_58,test,"[""Upper_body_video_05/05_P32_20231229_19_09_58_19.mp4""]",0,0,10000,10000,Phone call,3,dcpt_video_6c_v1,true,1.000000,video_features_v1/05_P32_20231229_19_09_58_19.npz::valid_mask,video_features_v1/05_P32_20231229_19_09_58_19.npz,"[10, 512]",float32,torchvision_r3d_18,0.24.1_kinetics400_v1,
05_P32_20231229_19_12_58_19,video,P32,P32_20231229_1912_58,test,"[""Upper_body_video_05/05_P32_20231229_19_12_58_19.mp4""]",0,0,10000,10000,Phone call,3,dcpt_video_6c_v1,true,1.000000,video_features_v1/05_P32_20231229_19_12_58_19.npz::valid_mask,video_features_v1/05_P32_20231229_19_12_58_19.npz,"[10, 512]",float32,torchvision_r3d_18,0.24.1_kinetics400_v1,
05_P33_20240108_16_09_48_15,video,P33,P33_20240108_1609_48,test,"[""Upper_body_video_05/05_P33_20240108_16_09_48_15.mp4""]",0,0,10000,10000,Phone call,3,dcpt_video_6c_v1,true,1.000000,video_features_v1/05_P33_20240108_16_09_48_15.npz::valid_mask,video_features_v1/05_P33_20240108_16_09_48_15.npz,"[10, 512]",float32,torchvision_r3d_18,0.24.1_kinetics400_v1,
05_P33_20240108_16_11_34_16,video,P33,P33_20240108_1611_34,test,"[""Upper_body_video_05/05_P33_20240108_16_11_34_16.mp4""]",0,0,10000,10000,Phone call,3,dcpt_video_6c_v1,true,1.000000,video_features_v1/05_P33_20240108_16_11_34_16.npz::valid_mask,video_features_v1/05_P33_20240108_16_11_34_16.npz,"[10, 512]",float32,torchvision_r3d_18,0.24.1_kinetics400_v1,
05_P33_20240108_16_12_26_16,video,P33,P33_20240108_1612_26,test,"[""Upper_body_video_05/05_P33_20240108_16_12_26_16.mp4""]",0,0,10000,10000,Phone call,3,dcpt_video_6c_v1,true,1.000000,video_features_v1/05_P33_20240108_16_12_26_16.npz::valid_mask,video_features_v1/05_P33_20240108_16_12_26_16.npz,"[10, 512]",float32,torchvision_r3d_18,0.24.1_kinetics400_v1,
05_P34_20240108_14_48_42_14,video,P34,P34_20240108_1448_42,val,"[""Upper_body_video_05/05_P34_20240108_14_48_42_14.mp4""]",0,0,10000,10000,Phone call,3,dcpt_video_6c_v1,true,1.000000,video_features_v1/05_P34_20240108_14_48_42_14.npz::valid_mask,video_features_v1/05_P34_20240108_14_48_42_14.npz,"[10, 512]",float32,torchvision_r3d_18,0.24.1_kinetics400_v1,
05_P34_20240108_14_49_55_18,video,P34,P34_20240108_1449_55,val,"[""Upper_body_video_05/05_P34_20240108_14_49_55_18.mp4""]",0,0,10000,10000,Phone call,3,dcpt_video_6c_v1,true,1.000000,video_features_v1/05_P34_20240108_14_49_55_18.npz::valid_mask,video_features_v1/05_P34_20240108_14_49_55_18.npz,"[10, 512]",float32,torchvision_r3d_18,0.24.1_kinetics400_v1,
05_P34_20240108_14_51_08_15,video,P34,P34_20240108_1451_08,val,"[""Upper_body_video_05/05_P34_20240108_14_51_08_15.mp4""]",0,0,10000,10000,Phone call,3,dcpt_video_6c_v1,true,1.000000,video_features_v1/05_P34_20240108_14_51_08_15.npz::valid_mask,video_features_v1/05_P34_20240108_14_51_08_15.npz,"[10, 512]",float32,torchvision_r3d_18,0.24.1_kinetics400_v1,
05_P35_20240109_09_29_18_16,video,P35,P35_20240109_0929_18,train,"[""Upper_body_video_05/05_P35_20240109_09_29_18_16.mp4""]",0,0,10000,10000,Phone call,3,dcpt_video_6c_v1,true,1.000000,video_features_v1/05_P35_20240109_09_29_18_16.npz::valid_mask,video_features_v1/05_P35_20240109_09_29_18_16.npz,"[10, 512]",float32,torchvision_r3d_18,0.24.1_kinetics400_v1,
05_P35_20240109_09_30_31_23,video,P35,P35_20240109_0930_31,train,"[""Upper_body_video_05/05_P35_20240109_09_30_31_23.mp4""]",0,0,10000,10000,Phone call,3,dcpt_video_6c_v1,true,1.000000,video_features_v1/05_P35_20240109_09_30_31_23.npz::valid_mask,video_features_v1/05_P35_20240109_09_30_31_23.npz,"[10, 512]",float32,torchvision_r3d_18,0.24.1_kinetics400_v1,
05_P35_20240109_09_32_02_16,video,P35,P35_20240109_0932_02,train,"[""Upper_body_video_05/05_P35_20240109_09_32_02_16.mp4""]",0,0,10000,10000,Phone call,3,dcpt_video_6c_v1,true,1.000000,video_features_v1/05_P35_20240109_09_32_02_16.npz::valid_mask,video_features_v1/05_P35_20240109_09_32_02_16.npz,"[10, 512]",float32,torchvision_r3d_18,0.24.1_kinetics400_v1,
05_P36_20240109_17_00_33_27,video,P36,P36_20240109_1700_33,train,"[""Upper_body_video_05/05_P36_20240109_17_00_33_27.mp4""]",0,0,10000,10000,Phone call,3,dcpt_video_6c_v1,true,1.000000,video_features_v1/05_P36_20240109_17_00_33_27.npz::valid_mask,video_features_v1/05_P36_20240109_17_00_33_27.npz,"[10, 512]",float32,torchvision_r3d_18,0.24.1_kinetics400_v1,
05_P37_20240109_19_01_55_24,video,P37,P37_20240109_1901_55,train,"[""Upper_body_video_05/05_P37_20240109_19_01_55_24.mp4""]",0,0,10000,10000,Phone call,3,dcpt_video_6c_v1,true,1.000000,video_features_v1/05_P37_20240109_19_01_55_24.npz::valid_mask,video_features_v1/05_P37_20240109_19_01_55_24.npz,"[10, 512]",float32,torchvision_r3d_18,0.24.1_kinetics400_v1,
05_P37_20240109_19_02_57_30,video,P37,P37_20240109_1902_57,train,"[""Upper_body_video_05/05_P37_20240109_19_02_57_30.mp4""]",0,0,10000,10000,Phone call,3,dcpt_video_6c_v1,true,1.000000,video_features_v1/05_P37_20240109_19_02_57_30.npz::valid_mask,video_features_v1/05_P37_20240109_19_02_57_30.npz,"[10, 512]",float32,torchvision_r3d_18,0.24.1_kinetics400_v1,
05_P37_20240109_19_04_36_30,video,P37,P37_20240109_1904_36,train,"[""Upper_body_video_05/05_P37_20240109_19_04_36_30.mp4""]",0,0,10000,10000,Phone call,3,dcpt_video_6c_v1,true,1.000000,video_features_v1/05_P37_20240109_19_04_36_30.npz::valid_mask,video_features_v1/05_P37_20240109_19_04_36_30.npz,"[10, 512]",float32,torchvision_r3d_18,0.24.1_kinetics400_v1,
05_P38_20240110_14_34_16_14,video,P38,P38_20240110_1434_16,test,"[""Upper_body_video_05/05_P38_20240110_14_34_16_14.mp4""]",0,0,10000,10000,Phone call,3,dcpt_video_6c_v1,false,0.900000,video_features_v1/05_P38_20240110_14_34_16_14.npz::valid_mask,video_features_v1/05_P38_20240110_14_34_16_14.npz,"[10, 512]",float32,torchvision_r3d_18,0.24.1_kinetics400_v1,coverage_below_0.95
05_P38_20240110_14_35_57_23,video,P38,P38_20240110_1435_57,test,"[""Upper_body_video_05/05_P38_20240110_14_35_57_23.mp4""]",0,0,10000,10000,Phone call,3,dcpt_video_6c_v1,true,1.000000,video_features_v1/05_P38_20240110_14_35_57_23.npz::valid_mask,video_features_v1/05_P38_20240110_14_35_57_23.npz,"[10, 512]",float32,torchvision_r3d_18,0.24.1_kinetics400_v1,
05_P38_20240110_14_37_08_24,video,P38,P38_20240110_1437_08,test,"[""Upper_body_video_05/05_P38_20240110_14_37_08_24.mp4""]",0,0,10000,10000,Phone call,3,dcpt_video_6c_v1,false,0.900000,video_features_v1/05_P38_20240110_14_37_08_24.npz::valid_mask,video_features_v1/05_P38_20240110_14_37_08_24.npz,"[10, 512]",float32,torchvision_r3d_18,0.24.1_kinetics400_v1,coverage_below_0.95
05_P39_20240110_15_46_41_29,video,P39,P39_20240110_1546_41,train,"[""Upper_body_video_05/05_P39_20240110_15_46_41_29.mp4""]",0,0,10000,10000,Phone call,3,dcpt_video_6c_v1,true,1.000000,video_features_v1/05_P39_20240110_15_46_41_29.npz::valid_mask,video_features_v1/05_P39_20240110_15_46_41_29.npz,"[10, 512]",float32,torchvision_r3d_18,0.24.1_kinetics400_v1,
05_P39_20240110_15_47_57_25,video,P39,P39_20240110_1547_57,train,"[""Upper_body_video_05/05_P39_20240110_15_47_57_25.mp4""]",0,0,10000,10000,Phone call,3,dcpt_video_6c_v1,true,1.000000,video_features_v1/05_P39_20240110_15_47_57_25.npz::valid_mask,video_features_v1/05_P39_20240110_15_47_57_25.npz,"[10, 512]",float32,torchvision_r3d_18,0.24.1_kinetics400_v1,
05_P39_20240110_15_51_39_25,video,P39,P39_20240110_1551_39,train,"[""Upper_body_video_05/05_P39_20240110_15_51_39_25.mp4""]",0,0,10000,10000,Phone call,3,dcpt_video_6c_v1,true,1.000000,video_features_v1/05_P39_20240110_15_51_39_25.npz::valid_mask,video_features_v1/05_P39_20240110_15_51_39_25.npz,"[10, 512]",float32,torchvision_r3d_18,0.24.1_kinetics400_v1,
05_P40_20240110_17_12_27_22,video,P40,P40_20240110_1712_27,val,"[""Upper_body_video_05/05_P40_20240110_17_12_27_22.mp4""]",0,0,10000,10000,Phone call,3,dcpt_video_6c_v1,true,1.000000,video_features_v1/05_P40_20240110_17_12_27_22.npz::valid_mask,video_features_v1/05_P40_20240110_17_12_27_22.npz,"[10, 512]",float32,torchvision_r3d_18,0.24.1_kinetics400_v1,
05_P40_20240110_17_13_26_22,video,P40,P40_20240110_1713_26,val,"[""Upper_body_video_05/05_P40_20240110_17_13_26_22.mp4""]",0,0,10000,10000,Phone call,3,dcpt_video_6c_v1,false,0.900000,video_features_v1/05_P40_20240110_17_13_26_22.npz::valid_mask,video_features_v1/05_P40_20240110_17_13_26_22.npz,"[10, 512]",float32,torchvision_r3d_18,0.24.1_kinetics400_v1,coverage_below_0.95
05_P40_20240110_17_15_04_20,video,P40,P40_20240110_1715_04,val,"[""Upper_body_video_05/05_P40_20240110_17_15_04_20.mp4""]",0,0,10000,10000,Phone call,3,dcpt_video_6c_v1,true,1.000000,video_features_v1/05_P40_20240110_17_15_04_20.npz::valid_mask,video_features_v1/05_P40_20240110_17_15_04_20.npz,"[10, 512]",float32,torchvision_r3d_18,0.24.1_kinetics400_v1,
07_P01_20231111_10_50_57_16,video,P01,P01_20231111_1050_57,val,"[""Upper_body_video_07/07_P01_20231111_10_50_57_16.mp4""]",0,0,10000,10000,Reading,4,dcpt_video_6c_v1,true,1.000000,video_features_v1/07_P01_20231111_10_50_57_16.npz::valid_mask,video_features_v1/07_P01_20231111_10_50_57_16.npz,"[10, 512]",float32,torchvision_r3d_18,0.24.1_kinetics400_v1,
07_P01_20231111_10_52_32_17,video,P01,P01_20231111_1052_32,val,"[""Upper_body_video_07/07_P01_20231111_10_52_32_17.mp4""]",0,0,10000,10000,Reading,4,dcpt_video_6c_v1,true,1.000000,video_features_v1/07_P01_20231111_10_52_32_17.npz::valid_mask,video_features_v1/07_P01_20231111_10_52_32_17.npz,"[10, 512]",float32,torchvision_r3d_18,0.24.1_kinetics400_v1,
07_P01_20231111_10_54_02_16,video,P01,P01_20231111_1054_02,val,"[""Upper_body_video_07/07_P01_20231111_10_54_02_16.mp4""]",0,0,10000,10000,Reading,4,dcpt_video_6c_v1,true,1.000000,video_features_v1/07_P01_20231111_10_54_02_16.npz::valid_mask,video_features_v1/07_P01_20231111_10_54_02_16.npz,"[10, 512]",float32,torchvision_r3d_18,0.24.1_kinetics400_v1,
07_P01_20231111_10_55_29_16,video,P01,P01_20231111_1055_29,val,"[""Upper_body_video_07/07_P01_20231111_10_55_29_16.mp4""]",0,0,10000,10000,Reading,4,dcpt_video_6c_v1,true,1.000000,video_features_v1/07_P01_20231111_10_55_29_16.npz::valid_mask,video_features_v1/07_P01_20231111_10_55_29_16.npz,"[10, 512]",float32,torchvision_r3d_18,0.24.1_kinetics400_v1,
07_P01_20231111_10_57_35_17,video,P01,P01_20231111_1057_35,val,"[""Upper_body_video_07/07_P01_20231111_10_57_35_17.mp4""]",0,0,10000,10000,Reading,4,dcpt_video_6c_v1,true,1.000000,video_features_v1/07_P01_20231111_10_57_35_17.npz::valid_mask,video_features_v1/07_P01_20231111_10_57_35_17.npz,"[10, 512]",float32,torchvision_r3d_18,0.24.1_kinetics400_v1,
07_P02_20231114_14_56_46_18,video,P02,P02_20231114_1456_46,train,"[""Upper_body_video_07/07_P02_20231114_14_56_46_18.mp4""]",0,0,10000,10000,Reading,4,dcpt_video_6c_v1,true,1.000000,video_features_v1/07_P02_20231114_14_56_46_18.npz::valid_mask,video_features_v1/07_P02_20231114_14_56_46_18.npz,"[10, 512]",float32,torchvision_r3d_18,0.24.1_kinetics400_v1,
07_P02_20231114_14_58_58_24,video,P02,P02_20231114_1458_58,train,"[""Upper_body_video_07/07_P02_20231114_14_58_58_24.mp4""]",0,0,10000,10000,Reading,4,dcpt_video_6c_v1,true,1.000000,video_features_v1/07_P02_20231114_14_58_58_24.npz::valid_mask,video_features_v1/07_P02_20231114_14_58_58_24.npz,"[10, 512]",float32,torchvision_r3d_18,0.24.1_kinetics400_v1,
07_P02_20231114_15_00_47_24,video,P02,P02_20231114_1500_47,train,"[""Upper_body_video_07/07_P02_20231114_15_00_47_24.mp4""]",0,0,10000,10000,Reading,4,dcpt_video_6c_v1,true,1.000000,video_features_v1/07_P02_20231114_15_00_47_24.npz::valid_mask,video_features_v1/07_P02_20231114_15_00_47_24.npz,"[10, 512]",float32,torchvision_r3d_18,0.24.1_kinetics400_v1,
07_P03_20231114_16_40_35_28,video,P03,P03_20231114_1640_35,val,"[""Upper_body_video_07/07_P03_20231114_16_40_35_28.mp4""]",0,0,10000,10000,Reading,4,dcpt_video_6c_v1,true,1.000000,video_features_v1/07_P03_20231114_16_40_35_28.npz::valid_mask,video_features_v1/07_P03_20231114_16_40_35_28.npz,"[10, 512]",float32,torchvision_r3d_18,0.24.1_kinetics400_v1,
07_P03_20231114_16_42_16_26,video,P03,P03_20231114_1642_16,val,"[""Upper_body_video_07/07_P03_20231114_16_42_16_26.mp4""]",0,0,10000,10000,Reading,4,dcpt_video_6c_v1,true,1.000000,video_features_v1/07_P03_20231114_16_42_16_26.npz::valid_mask,video_features_v1/07_P03_20231114_16_42_16_26.npz,"[10, 512]",float32,torchvision_r3d_18,0.24.1_kinetics400_v1,
07_P03_20231114_16_43_54_14,video,P03,P03_20231114_1643_54,val,"[""Upper_body_video_07/07_P03_20231114_16_43_54_14.mp4""]",0,0,10000,10000,Reading,4,dcpt_video_6c_v1,true,1.000000,video_features_v1/07_P03_20231114_16_43_54_14.npz::valid_mask,video_features_v1/07_P03_20231114_16_43_54_14.npz,"[10, 512]",float32,torchvision_r3d_18,0.24.1_kinetics400_v1,
07_P04_20231115_19_47_37_35,video,P04,P04_20231115_1947_37,val,"[""Upper_body_video_07/07_P04_20231115_19_47_37_35.mp4""]",0,0,10000,10000,Reading,4,dcpt_video_6c_v1,true,1.000000,video_features_v1/07_P04_20231115_19_47_37_35.npz::valid_mask,video_features_v1/07_P04_20231115_19_47_37_35.npz,"[10, 512]",float32,torchvision_r3d_18,0.24.1_kinetics400_v1,
07_P04_20231115_19_49_30_27,video,P04,P04_20231115_1949_30,val,"[""Upper_body_video_07/07_P04_20231115_19_49_30_27.mp4""]",0,0,10000,10000,Reading,4,dcpt_video_6c_v1,true,1.000000,video_features_v1/07_P04_20231115_19_49_30_27.npz::valid_mask,video_features_v1/07_P04_20231115_19_49_30_27.npz,"[10, 512]",float32,torchvision_r3d_18,0.24.1_kinetics400_v1,
07_P04_20231115_19_52_31_35,video,P04,P04_20231115_1952_31,val,"[""Upper_body_video_07/07_P04_20231115_19_52_31_35.mp4""]",0,0,10000,10000,Reading,4,dcpt_video_6c_v1,true,1.000000,video_features_v1/07_P04_20231115_19_52_31_35.npz::valid_mask,video_features_v1/07_P04_20231115_19_52_31_35.npz,"[10, 512]",float32,torchvision_r3d_18,0.24.1_kinetics400_v1,
07_P05_20231116_11_26_25_46,video,P05,P05_20231116_1126_25,train,"[""Upper_body_video_07/07_P05_20231116_11_26_25_46.mp4""]",0,0,10000,10000,Reading,4,dcpt_video_6c_v1,true,1.000000,video_features_v1/07_P05_20231116_11_26_25_46.npz::valid_mask,video_features_v1/07_P05_20231116_11_26_25_46.npz,"[10, 512]",float32,torchvision_r3d_18,0.24.1_kinetics400_v1,
07_P05_20231116_11_27_46_27,video,P05,P05_20231116_1127_46,train,"[""Upper_body_video_07/07_P05_20231116_11_27_46_27.mp4""]",0,0,10000,10000,Reading,4,dcpt_video_6c_v1,true,1.000000,video_features_v1/07_P05_20231116_11_27_46_27.npz::valid_mask,video_features_v1/07_P05_20231116_11_27_46_27.npz,"[10, 512]",float32,torchvision_r3d_18,0.24.1_kinetics400_v1,
07_P05_20231116_11_28_33_38,video,P05,P05_20231116_1128_33,train,"[""Upper_body_video_07/07_P05_20231116_11_28_33_38.mp4""]",0,0,10000,10000,Reading,4,dcpt_video_6c_v1,true,1.000000,video_features_v1/07_P05_20231116_11_28_33_38.npz::valid_mask,video_features_v1/07_P05_20231116_11_28_33_38.npz,"[10, 512]",float32,torchvision_r3d_18,0.24.1_kinetics400_v1,
07_P06_20231116_14_57_09_26,video,P06,P06_20231116_1457_09,train,"[""Upper_body_video_07/07_P06_20231116_14_57_09_26.mp4""]",0,0,10000,10000,Reading,4,dcpt_video_6c_v1,true,1.000000,video_features_v1/07_P06_20231116_14_57_09_26.npz::valid_mask,video_features_v1/07_P06_20231116_14_57_09_26.npz,"[10, 512]",float32,torchvision_r3d_18,0.24.1_kinetics400_v1,
07_P06_20231116_15_00_22_28,video,P06,P06_20231116_1500_22,train,"[""Upper_body_video_07/07_P06_20231116_15_00_22_28.mp4""]",0,0,10000,10000,Reading,4,dcpt_video_6c_v1,true,1.000000,video_features_v1/07_P06_20231116_15_00_22_28.npz::valid_mask,video_features_v1/07_P06_20231116_15_00_22_28.npz,"[10, 512]",float32,torchvision_r3d_18,0.24.1_kinetics400_v1,
07_P06_20231116_15_01_32_36,video,P06,P06_20231116_1501_32,train,"[""Upper_body_video_07/07_P06_20231116_15_01_32_36.mp4""]",0,0,10000,10000,Reading,4,dcpt_video_6c_v1,false,0.900000,video_features_v1/07_P06_20231116_15_01_32_36.npz::valid_mask,video_features_v1/07_P06_20231116_15_01_32_36.npz,"[10, 512]",float32,torchvision_r3d_18,0.24.1_kinetics400_v1,coverage_below_0.95
07_P07_20231116_17_09_40_29,video,P07,P07_20231116_1709_40,test,"[""Upper_body_video_07/07_P07_20231116_17_09_40_29.mp4""]",0,0,10000,10000,Reading,4,dcpt_video_6c_v1,true,1.000000,video_features_v1/07_P07_20231116_17_09_40_29.npz::valid_mask,video_features_v1/07_P07_20231116_17_09_40_29.npz,"[10, 512]",float32,torchvision_r3d_18,0.24.1_kinetics400_v1,
07_P07_20231116_17_10_48_27,video,P07,P07_20231116_1710_48,test,"[""Upper_body_video_07/07_P07_20231116_17_10_48_27.mp4""]",0,0,10000,10000,Reading,4,dcpt_video_6c_v1,true,1.000000,video_features_v1/07_P07_20231116_17_10_48_27.npz::valid_mask,video_features_v1/07_P07_20231116_17_10_48_27.npz,"[10, 512]",float32,torchvision_r3d_18,0.24.1_kinetics400_v1,
07_P07_20231116_17_12_21_34,video,P07,P07_20231116_1712_21,test,"[""Upper_body_video_07/07_P07_20231116_17_12_21_34.mp4""]",0,0,10000,10000,Reading,4,dcpt_video_6c_v1,true,1.000000,video_features_v1/07_P07_20231116_17_12_21_34.npz::valid_mask,video_features_v1/07_P07_20231116_17_12_21_34.npz,"[10, 512]",float32,torchvision_r3d_18,0.24.1_kinetics400_v1,
07_P08_20231116_19_29_16_30,video,P08,P08_20231116_1929_16,test,"[""Upper_body_video_07/07_P08_20231116_19_29_16_30.mp4""]",0,0,10000,10000,Reading,4,dcpt_video_6c_v1,true,1.000000,video_features_v1/07_P08_20231116_19_29_16_30.npz::valid_mask,video_features_v1/07_P08_20231116_19_29_16_30.npz,"[10, 512]",float32,torchvision_r3d_18,0.24.1_kinetics400_v1,
07_P08_20231116_19_31_54_28,video,P08,P08_20231116_1931_54,test,"[""Upper_body_video_07/07_P08_20231116_19_31_54_28.mp4""]",0,0,10000,10000,Reading,4,dcpt_video_6c_v1,true,1.000000,video_features_v1/07_P08_20231116_19_31_54_28.npz::valid_mask,video_features_v1/07_P08_20231116_19_31_54_28.npz,"[10, 512]",float32,torchvision_r3d_18,0.24.1_kinetics400_v1,
07_P08_20231116_19_33_01_24,video,P08,P08_20231116_1933_01,test,"[""Upper_body_video_07/07_P08_20231116_19_33_01_24.mp4""]",0,0,10000,10000,Reading,4,dcpt_video_6c_v1,true,1.000000,video_features_v1/07_P08_20231116_19_33_01_24.npz::valid_mask,video_features_v1/07_P08_20231116_19_33_01_24.npz,"[10, 512]",float32,torchvision_r3d_18,0.24.1_kinetics400_v1,
07_P09_20231117_10_10_37_26,video,P09,P09_20231117_1010_37,train,"[""Upper_body_video_07/07_P09_20231117_10_10_37_26.mp4""]",0,0,10000,10000,Reading,4,dcpt_video_6c_v1,true,1.000000,video_features_v1/07_P09_20231117_10_10_37_26.npz::valid_mask,video_features_v1/07_P09_20231117_10_10_37_26.npz,"[10, 512]",float32,torchvision_r3d_18,0.24.1_kinetics400_v1,
07_P09_20231117_10_13_22_18,video,P09,P09_20231117_1013_22,train,"[""Upper_body_video_07/07_P09_20231117_10_13_22_18.mp4""]",0,0,10000,10000,Reading,4,dcpt_video_6c_v1,true,1.000000,video_features_v1/07_P09_20231117_10_13_22_18.npz::valid_mask,video_features_v1/07_P09_20231117_10_13_22_18.npz,"[10, 512]",float32,torchvision_r3d_18,0.24.1_kinetics400_v1,
07_P09_20231117_10_14_33_14,video,P09,P09_20231117_1014_33,train,"[""Upper_body_video_07/07_P09_20231117_10_14_33_14.mp4""]",0,0,10000,10000,Reading,4,dcpt_video_6c_v1,true,1.000000,video_features_v1/07_P09_20231117_10_14_33_14.npz::valid_mask,video_features_v1/07_P09_20231117_10_14_33_14.npz,"[10, 512]",float32,torchvision_r3d_18,0.24.1_kinetics400_v1,
07_P10_20231123_16_49_10_30,video,P10,P10_20231123_1649_10,val,"[""Upper_body_video_07/07_P10_20231123_16_49_10_30.mp4""]",0,0,10000,10000,Reading,4,dcpt_video_6c_v1,true,1.000000,video_features_v1/07_P10_20231123_16_49_10_30.npz::valid_mask,video_features_v1/07_P10_20231123_16_49_10_30.npz,"[10, 512]",float32,torchvision_r3d_18,0.24.1_kinetics400_v1,
07_P10_20231123_16_50_49_34,video,P10,P10_20231123_1650_49,val,"[""Upper_body_video_07/07_P10_20231123_16_50_49_34.mp4""]",0,0,10000,10000,Reading,4,dcpt_video_6c_v1,true,1.000000,video_features_v1/07_P10_20231123_16_50_49_34.npz::valid_mask,video_features_v1/07_P10_20231123_16_50_49_34.npz,"[10, 512]",float32,torchvision_r3d_18,0.24.1_kinetics400_v1,
07_P10_20231123_16_52_22_33,video,P10,P10_20231123_1652_22,val,"[""Upper_body_video_07/07_P10_20231123_16_52_22_33.mp4""]",0,0,10000,10000,Reading,4,dcpt_video_6c_v1,true,1.000000,video_features_v1/07_P10_20231123_16_52_22_33.npz::valid_mask,video_features_v1/07_P10_20231123_16_52_22_33.npz,"[10, 512]",float32,torchvision_r3d_18,0.24.1_kinetics400_v1,
07_P11_20231124_14_50_38_31,video,P11,P11_20231124_1450_38,train,"[""Upper_body_video_07/07_P11_20231124_14_50_38_31.mp4""]",0,0,10000,10000,Reading,4,dcpt_video_6c_v1,true,1.000000,video_features_v1/07_P11_20231124_14_50_38_31.npz::valid_mask,video_features_v1/07_P11_20231124_14_50_38_31.npz,"[10, 512]",float32,torchvision_r3d_18,0.24.1_kinetics400_v1,
07_P11_20231124_14_52_26_25,video,P11,P11_20231124_1452_26,train,"[""Upper_body_video_07/07_P11_20231124_14_52_26_25.mp4""]",0,0,10000,10000,Reading,4,dcpt_video_6c_v1,true,1.000000,video_features_v1/07_P11_20231124_14_52_26_25.npz::valid_mask,video_features_v1/07_P11_20231124_14_52_26_25.npz,"[10, 512]",float32,torchvision_r3d_18,0.24.1_kinetics400_v1,
07_P11_20231124_14_52_57_26,video,P11,P11_20231124_1452_57,train,"[""Upper_body_video_07/07_P11_20231124_14_52_57_26.mp4""]",0,0,10000,10000,Reading,4,dcpt_video_6c_v1,true,1.000000,video_features_v1/07_P11_20231124_14_52_57_26.npz::valid_mask,video_features_v1/07_P11_20231124_14_52_57_26.npz,"[10, 512]",float32,torchvision_r3d_18,0.24.1_kinetics400_v1,
07_P12_20231125_14_47_31_20,video,P12,P12_20231125_1447_31,train,"[""Upper_body_video_07/07_P12_20231125_14_47_31_20.mp4""]",0,0,10000,10000,Reading,4,dcpt_video_6c_v1,true,1.000000,video_features_v1/07_P12_20231125_14_47_31_20.npz::valid_mask,video_features_v1/07_P12_20231125_14_47_31_20.npz,"[10, 512]",float32,torchvision_r3d_18,0.24.1_kinetics400_v1,
07_P12_20231125_14_48_30_22,video,P12,P12_20231125_1448_30,train,"[""Upper_body_video_07/07_P12_20231125_14_48_30_22.mp4""]",0,0,10000,10000,Reading,4,dcpt_video_6c_v1,true,1.000000,video_features_v1/07_P12_20231125_14_48_30_22.npz::valid_mask,video_features_v1/07_P12_20231125_14_48_30_22.npz,"[10, 512]",float32,torchvision_r3d_18,0.24.1_kinetics400_v1,
07_P12_20231125_14_49_49_17,video,P12,P12_20231125_1449_49,train,"[""Upper_body_video_07/07_P12_20231125_14_49_49_17.mp4""]",0,0,10000,10000,Reading,4,dcpt_video_6c_v1,true,1.000000,video_features_v1/07_P12_20231125_14_49_49_17.npz::valid_mask,video_features_v1/07_P12_20231125_14_49_49_17.npz,"[10, 512]",float32,torchvision_r3d_18,0.24.1_kinetics400_v1,
07_P13_20231125_16_37_16_19,video,P13,P13_20231125_1637_16,train,"[""Upper_body_video_07/07_P13_20231125_16_37_16_19.mp4""]",0,0,10000,10000,Reading,4,dcpt_video_6c_v1,true,1.000000,video_features_v1/07_P13_20231125_16_37_16_19.npz::valid_mask,video_features_v1/07_P13_20231125_16_37_16_19.npz,"[10, 512]",float32,torchvision_r3d_18,0.24.1_kinetics400_v1,
07_P13_20231125_16_38_51_17,video,P13,P13_20231125_1638_51,train,"[""Upper_body_video_07/07_P13_20231125_16_38_51_17.mp4""]",0,0,10000,10000,Reading,4,dcpt_video_6c_v1,true,1.000000,video_features_v1/07_P13_20231125_16_38_51_17.npz::valid_mask,video_features_v1/07_P13_20231125_16_38_51_17.npz,"[10, 512]",float32,torchvision_r3d_18,0.24.1_kinetics400_v1,
07_P13_20231125_16_40_06_17,video,P13,P13_20231125_1640_06,train,"[""Upper_body_video_07/07_P13_20231125_16_40_06_17.mp4""]",0,0,10000,10000,Reading,4,dcpt_video_6c_v1,true,1.000000,video_features_v1/07_P13_20231125_16_40_06_17.npz::valid_mask,video_features_v1/07_P13_20231125_16_40_06_17.npz,"[10, 512]",float32,torchvision_r3d_18,0.24.1_kinetics400_v1,
07_P14_20231128_15_14_01_21,video,P14,P14_20231128_1514_01,train,"[""Upper_body_video_07/07_P14_20231128_15_14_01_21.mp4""]",0,0,10000,10000,Reading,4,dcpt_video_6c_v1,true,1.000000,video_features_v1/07_P14_20231128_15_14_01_21.npz::valid_mask,video_features_v1/07_P14_20231128_15_14_01_21.npz,"[10, 512]",float32,torchvision_r3d_18,0.24.1_kinetics400_v1,
07_P14_20231128_15_15_12_17,video,P14,P14_20231128_1515_12,train,"[""Upper_body_video_07/07_P14_20231128_15_15_12_17.mp4""]",0,0,10000,10000,Reading,4,dcpt_video_6c_v1,true,1.000000,video_features_v1/07_P14_20231128_15_15_12_17.npz::valid_mask,video_features_v1/07_P14_20231128_15_15_12_17.npz,"[10, 512]",float32,torchvision_r3d_18,0.24.1_kinetics400_v1,
07_P14_20231128_15_16_47_18,video,P14,P14_20231128_1516_47,train,"[""Upper_body_video_07/07_P14_20231128_15_16_47_18.mp4""]",0,0,10000,10000,Reading,4,dcpt_video_6c_v1,true,1.000000,video_features_v1/07_P14_20231128_15_16_47_18.npz::valid_mask,video_features_v1/07_P14_20231128_15_16_47_18.npz,"[10, 512]",float32,torchvision_r3d_18,0.24.1_kinetics400_v1,
07_P15_20231128_16_48_40_18,video,P15,P15_20231128_1648_40,test,"[""Upper_body_video_07/07_P15_20231128_16_48_40_18.mp4""]",0,0,10000,10000,Reading,4,dcpt_video_6c_v1,true,1.000000,video_features_v1/07_P15_20231128_16_48_40_18.npz::valid_mask,video_features_v1/07_P15_20231128_16_48_40_18.npz,"[10, 512]",float32,torchvision_r3d_18,0.24.1_kinetics400_v1,
07_P15_20231128_16_50_47_19,video,P15,P15_20231128_1650_47,test,"[""Upper_body_video_07/07_P15_20231128_16_50_47_19.mp4""]",0,0,10000,10000,Reading,4,dcpt_video_6c_v1,true,1.000000,video_features_v1/07_P15_20231128_16_50_47_19.npz::valid_mask,video_features_v1/07_P15_20231128_16_50_47_19.npz,"[10, 512]",float32,torchvision_r3d_18,0.24.1_kinetics400_v1,
07_P15_20231128_16_52_03_20,video,P15,P15_20231128_1652_03,test,"[""Upper_body_video_07/07_P15_20231128_16_52_03_20.mp4""]",0,0,10000,10000,Reading,4,dcpt_video_6c_v1,true,1.000000,video_features_v1/07_P15_20231128_16_52_03_20.npz::valid_mask,video_features_v1/07_P15_20231128_16_52_03_20.npz,"[10, 512]",float32,torchvision_r3d_18,0.24.1_kinetics400_v1,
07_P16_20231130_13_45_01_34,video,P16,P16_20231130_1345_01,train,"[""Upper_body_video_07/07_P16_20231130_13_45_01_34.mp4""]",0,0,10000,10000,Reading,4,dcpt_video_6c_v1,true,1.000000,video_features_v1/07_P16_20231130_13_45_01_34.npz::valid_mask,video_features_v1/07_P16_20231130_13_45_01_34.npz,"[10, 512]",float32,torchvision_r3d_18,0.24.1_kinetics400_v1,
07_P16_20231130_13_46_08_35,video,P16,P16_20231130_1346_08,train,"[""Upper_body_video_07/07_P16_20231130_13_46_08_35.mp4""]",0,0,10000,10000,Reading,4,dcpt_video_6c_v1,true,1.000000,video_features_v1/07_P16_20231130_13_46_08_35.npz::valid_mask,video_features_v1/07_P16_20231130_13_46_08_35.npz,"[10, 512]",float32,torchvision_r3d_18,0.24.1_kinetics400_v1,
07_P16_20231130_13_47_16_38,video,P16,P16_20231130_1347_16,train,"[""Upper_body_video_07/07_P16_20231130_13_47_16_38.mp4""]",0,0,10000,10000,Reading,4,dcpt_video_6c_v1,true,1.000000,video_features_v1/07_P16_20231130_13_47_16_38.npz::valid_mask,video_features_v1/07_P16_20231130_13_47_16_38.npz,"[10, 512]",float32,torchvision_r3d_18,0.24.1_kinetics400_v1,
07_P17_20231130_14_59_51_26,video,P17,P17_20231130_1459_51,train,"[""Upper_body_video_07/07_P17_20231130_14_59_51_26.mp4""]",0,0,10000,10000,Reading,4,dcpt_video_6c_v1,true,1.000000,video_features_v1/07_P17_20231130_14_59_51_26.npz::valid_mask,video_features_v1/07_P17_20231130_14_59_51_26.npz,"[10, 512]",float32,torchvision_r3d_18,0.24.1_kinetics400_v1,
07_P17_20231130_15_00_44_33,video,P17,P17_20231130_1500_44,train,"[""Upper_body_video_07/07_P17_20231130_15_00_44_33.mp4""]",0,0,10000,10000,Reading,4,dcpt_video_6c_v1,true,1.000000,video_features_v1/07_P17_20231130_15_00_44_33.npz::valid_mask,video_features_v1/07_P17_20231130_15_00_44_33.npz,"[10, 512]",float32,torchvision_r3d_18,0.24.1_kinetics400_v1,
07_P17_20231130_15_02_04_37,video,P17,P17_20231130_1502_04,train,"[""Upper_body_video_07/07_P17_20231130_15_02_04_37.mp4""]",0,0,10000,10000,Reading,4,dcpt_video_6c_v1,true,1.000000,video_features_v1/07_P17_20231130_15_02_04_37.npz::valid_mask,video_features_v1/07_P17_20231130_15_02_04_37.npz,"[10, 512]",float32,torchvision_r3d_18,0.24.1_kinetics400_v1,
07_P18_20231130_19_25_56_16,video,P18,P18_20231130_1925_56,train,"[""Upper_body_video_07/07_P18_20231130_19_25_56_16.mp4""]",0,0,10000,10000,Reading,4,dcpt_video_6c_v1,true,1.000000,video_features_v1/07_P18_20231130_19_25_56_16.npz::valid_mask,video_features_v1/07_P18_20231130_19_25_56_16.npz,"[10, 512]",float32,torchvision_r3d_18,0.24.1_kinetics400_v1,
07_P18_20231130_19_26_55_25,video,P18,P18_20231130_1926_55,train,"[""Upper_body_video_07/07_P18_20231130_19_26_55_25.mp4""]",0,0,10000,10000,Reading,4,dcpt_video_6c_v1,true,1.000000,video_features_v1/07_P18_20231130_19_26_55_25.npz::valid_mask,video_features_v1/07_P18_20231130_19_26_55_25.npz,"[10, 512]",float32,torchvision_r3d_18,0.24.1_kinetics400_v1,
07_P18_20231130_19_28_50_28,video,P18,P18_20231130_1928_50,train,"[""Upper_body_video_07/07_P18_20231130_19_28_50_28.mp4""]",0,0,10000,10000,Reading,4,dcpt_video_6c_v1,true,1.000000,video_features_v1/07_P18_20231130_19_28_50_28.npz::valid_mask,video_features_v1/07_P18_20231130_19_28_50_28.npz,"[10, 512]",float32,torchvision_r3d_18,0.24.1_kinetics400_v1,
07_P19_20231201_12_11_36_24,video,P19,P19_20231201_1211_36,train,"[""Upper_body_video_07/07_P19_20231201_12_11_36_24.mp4""]",0,0,10000,10000,Reading,4,dcpt_video_6c_v1,true,1.000000,video_features_v1/07_P19_20231201_12_11_36_24.npz::valid_mask,video_features_v1/07_P19_20231201_12_11_36_24.npz,"[10, 512]",float32,torchvision_r3d_18,0.24.1_kinetics400_v1,
07_P19_20231201_12_14_05_25,video,P19,P19_20231201_1214_05,train,"[""Upper_body_video_07/07_P19_20231201_12_14_05_25.mp4""]",0,0,10000,10000,Reading,4,dcpt_video_6c_v1,true,1.000000,video_features_v1/07_P19_20231201_12_14_05_25.npz::valid_mask,video_features_v1/07_P19_20231201_12_14_05_25.npz,"[10, 512]",float32,torchvision_r3d_18,0.24.1_kinetics400_v1,
07_P20_20231201_16_29_29_20,video,P20,P20_20231201_1629_29,val,"[""Upper_body_video_07/07_P20_20231201_16_29_29_20.mp4""]",0,0,10000,10000,Reading,4,dcpt_video_6c_v1,true,1.000000,video_features_v1/07_P20_20231201_16_29_29_20.npz::valid_mask,video_features_v1/07_P20_20231201_16_29_29_20.npz,"[10, 512]",float32,torchvision_r3d_18,0.24.1_kinetics400_v1,
07_P20_20231201_16_30_49_21,video,P20,P20_20231201_1630_49,val,"[""Upper_body_video_07/07_P20_20231201_16_30_49_21.mp4""]",0,0,10000,10000,Reading,4,dcpt_video_6c_v1,true,1.000000,video_features_v1/07_P20_20231201_16_30_49_21.npz::valid_mask,video_features_v1/07_P20_20231201_16_30_49_21.npz,"[10, 512]",float32,torchvision_r3d_18,0.24.1_kinetics400_v1,
07_P20_20231201_16_32_40_17,video,P20,P20_20231201_1632_40,val,"[""Upper_body_video_07/07_P20_20231201_16_32_40_17.mp4""]",0,0,10000,10000,Reading,4,dcpt_video_6c_v1,true,1.000000,video_features_v1/07_P20_20231201_16_32_40_17.npz::valid_mask,video_features_v1/07_P20_20231201_16_32_40_17.npz,"[10, 512]",float32,torchvision_r3d_18,0.24.1_kinetics400_v1,
07_P21_20231207_15_15_11_19,video,P21,P21_20231207_1515_11,test,"[""Upper_body_video_07/07_P21_20231207_15_15_11_19.mp4""]",0,0,10000,10000,Reading,4,dcpt_video_6c_v1,true,1.000000,video_features_v1/07_P21_20231207_15_15_11_19.npz::valid_mask,video_features_v1/07_P21_20231207_15_15_11_19.npz,"[10, 512]",float32,torchvision_r3d_18,0.24.1_kinetics400_v1,
07_P21_20231207_15_16_56_24,video,P21,P21_20231207_1516_56,test,"[""Upper_body_video_07/07_P21_20231207_15_16_56_24.mp4""]",0,0,10000,10000,Reading,4,dcpt_video_6c_v1,true,1.000000,video_features_v1/07_P21_20231207_15_16_56_24.npz::valid_mask,video_features_v1/07_P21_20231207_15_16_56_24.npz,"[10, 512]",float32,torchvision_r3d_18,0.24.1_kinetics400_v1,
07_P21_20231207_15_18_11_19,video,P21,P21_20231207_1518_11,test,"[""Upper_body_video_07/07_P21_20231207_15_18_11_19.mp4""]",0,0,10000,10000,Reading,4,dcpt_video_6c_v1,true,1.000000,video_features_v1/07_P21_20231207_15_18_11_19.npz::valid_mask,video_features_v1/07_P21_20231207_15_18_11_19.npz,"[10, 512]",float32,torchvision_r3d_18,0.24.1_kinetics400_v1,
07_P22_20231207_16_19_44_24,video,P22,P22_20231207_1619_44,train,"[""Upper_body_video_07/07_P22_20231207_16_19_44_24.mp4""]",0,0,10000,10000,Reading,4,dcpt_video_6c_v1,true,1.000000,video_features_v1/07_P22_20231207_16_19_44_24.npz::valid_mask,video_features_v1/07_P22_20231207_16_19_44_24.npz,"[10, 512]",float32,torchvision_r3d_18,0.24.1_kinetics400_v1,
07_P22_20231207_16_20_58_23,video,P22,P22_20231207_1620_58,train,"[""Upper_body_video_07/07_P22_20231207_16_20_58_23.mp4""]",0,0,10000,10000,Reading,4,dcpt_video_6c_v1,true,1.000000,video_features_v1/07_P22_20231207_16_20_58_23.npz::valid_mask,video_features_v1/07_P22_20231207_16_20_58_23.npz,"[10, 512]",float32,torchvision_r3d_18,0.24.1_kinetics400_v1,
07_P22_20231207_16_21_55_25,video,P22,P22_20231207_1621_55,train,"[""Upper_body_video_07/07_P22_20231207_16_21_55_25.mp4""]",0,0,10000,10000,Reading,4,dcpt_video_6c_v1,true,1.000000,video_features_v1/07_P22_20231207_16_21_55_25.npz::valid_mask,video_features_v1/07_P22_20231207_16_21_55_25.npz,"[10, 512]",float32,torchvision_r3d_18,0.24.1_kinetics400_v1,
07_P23_20231208_09_54_17_40,video,P23,P23_20231208_0954_17,train,"[""Upper_body_video_07/07_P23_20231208_09_54_17_40.mp4""]",0,0,10000,10000,Reading,4,dcpt_video_6c_v1,true,1.000000,video_features_v1/07_P23_20231208_09_54_17_40.npz::valid_mask,video_features_v1/07_P23_20231208_09_54_17_40.npz,"[10, 512]",float32,torchvision_r3d_18,0.24.1_kinetics400_v1,
07_P23_20231208_09_55_25_33,video,P23,P23_20231208_0955_25,train,"[""Upper_body_video_07/07_P23_20231208_09_55_25_33.mp4""]",0,0,10000,10000,Reading,4,dcpt_video_6c_v1,true,1.000000,video_features_v1/07_P23_20231208_09_55_25_33.npz::valid_mask,video_features_v1/07_P23_20231208_09_55_25_33.npz,"[10, 512]",float32,torchvision_r3d_18,0.24.1_kinetics400_v1,
07_P23_20231208_09_57_03_30,video,P23,P23_20231208_0957_03,train,"[""Upper_body_video_07/07_P23_20231208_09_57_03_30.mp4""]",0,0,10000,10000,Reading,4,dcpt_video_6c_v1,true,1.000000,video_features_v1/07_P23_20231208_09_57_03_30.npz::valid_mask,video_features_v1/07_P23_20231208_09_57_03_30.npz,"[10, 512]",float32,torchvision_r3d_18,0.24.1_kinetics400_v1,
07_P24_20231208_15_22_34_29,video,P24,P24_20231208_1522_34,train,"[""Upper_body_video_07/07_P24_20231208_15_22_34_29.mp4""]",0,0,10000,10000,Reading,4,dcpt_video_6c_v1,true,1.000000,video_features_v1/07_P24_20231208_15_22_34_29.npz::valid_mask,video_features_v1/07_P24_20231208_15_22_34_29.npz,"[10, 512]",float32,torchvision_r3d_18,0.24.1_kinetics400_v1,
07_P24_20231208_15_23_32_23,video,P24,P24_20231208_1523_32,train,"[""Upper_body_video_07/07_P24_20231208_15_23_32_23.mp4""]",0,0,10000,10000,Reading,4,dcpt_video_6c_v1,true,1.000000,video_features_v1/07_P24_20231208_15_23_32_23.npz::valid_mask,video_features_v1/07_P24_20231208_15_23_32_23.npz,"[10, 512]",float32,torchvision_r3d_18,0.24.1_kinetics400_v1,
07_P24_20231208_15_24_35_25,video,P24,P24_20231208_1524_35,train,"[""Upper_body_video_07/07_P24_20231208_15_24_35_25.mp4""]",0,0,10000,10000,Reading,4,dcpt_video_6c_v1,true,1.000000,video_features_v1/07_P24_20231208_15_24_35_25.npz::valid_mask,video_features_v1/07_P24_20231208_15_24_35_25.npz,"[10, 512]",float32,torchvision_r3d_18,0.24.1_kinetics400_v1,
07_P25_20231208_16_13_37_30,video,P25,P25_20231208_1613_37,train,"[""Upper_body_video_07/07_P25_20231208_16_13_37_30.mp4""]",0,0,10000,10000,Reading,4,dcpt_video_6c_v1,true,1.000000,video_features_v1/07_P25_20231208_16_13_37_30.npz::valid_mask,video_features_v1/07_P25_20231208_16_13_37_30.npz,"[10, 512]",float32,torchvision_r3d_18,0.24.1_kinetics400_v1,
07_P25_20231208_16_14_52_27,video,P25,P25_20231208_1614_52,train,"[""Upper_body_video_07/07_P25_20231208_16_14_52_27.mp4""]",0,0,10000,10000,Reading,4,dcpt_video_6c_v1,true,1.000000,video_features_v1/07_P25_20231208_16_14_52_27.npz::valid_mask,video_features_v1/07_P25_20231208_16_14_52_27.npz,"[10, 512]",float32,torchvision_r3d_18,0.24.1_kinetics400_v1,
07_P25_20231208_16_15_56_24,video,P25,P25_20231208_1615_56,train,"[""Upper_body_video_07/07_P25_20231208_16_15_56_24.mp4""]",0,0,10000,10000,Reading,4,dcpt_video_6c_v1,true,1.000000,video_features_v1/07_P25_20231208_16_15_56_24.npz::valid_mask,video_features_v1/07_P25_20231208_16_15_56_24.npz,"[10, 512]",float32,torchvision_r3d_18,0.24.1_kinetics400_v1,
07_P26_20231208_19_26_30_32,video,P26,P26_20231208_1926_30,train,"[""Upper_body_video_07/07_P26_20231208_19_26_30_32.mp4""]",0,0,10000,10000,Reading,4,dcpt_video_6c_v1,true,1.000000,video_features_v1/07_P26_20231208_19_26_30_32.npz::valid_mask,video_features_v1/07_P26_20231208_19_26_30_32.npz,"[10, 512]",float32,torchvision_r3d_18,0.24.1_kinetics400_v1,
07_P26_20231208_19_27_48_46,video,P26,P26_20231208_1927_48,train,"[""Upper_body_video_07/07_P26_20231208_19_27_48_46.mp4""]",0,0,10000,10000,Reading,4,dcpt_video_6c_v1,true,1.000000,video_features_v1/07_P26_20231208_19_27_48_46.npz::valid_mask,video_features_v1/07_P26_20231208_19_27_48_46.npz,"[10, 512]",float32,torchvision_r3d_18,0.24.1_kinetics400_v1,
07_P26_20231208_19_29_09_32,video,P26,P26_20231208_1929_09,train,"[""Upper_body_video_07/07_P26_20231208_19_29_09_32.mp4""]",0,0,10000,10000,Reading,4,dcpt_video_6c_v1,true,1.000000,video_features_v1/07_P26_20231208_19_29_09_32.npz::valid_mask,video_features_v1/07_P26_20231208_19_29_09_32.npz,"[10, 512]",float32,torchvision_r3d_18,0.24.1_kinetics400_v1,
07_P27_20231226_14_56_49_24,video,P27,P27_20231226_1456_49,test,"[""Upper_body_video_07/07_P27_20231226_14_56_49_24.mp4""]",0,0,10000,10000,Reading,4,dcpt_video_6c_v1,true,1.000000,video_features_v1/07_P27_20231226_14_56_49_24.npz::valid_mask,video_features_v1/07_P27_20231226_14_56_49_24.npz,"[10, 512]",float32,torchvision_r3d_18,0.24.1_kinetics400_v1,
07_P27_20231226_14_58_05_27,video,P27,P27_20231226_1458_05,test,"[""Upper_body_video_07/07_P27_20231226_14_58_05_27.mp4""]",0,0,10000,10000,Reading,4,dcpt_video_6c_v1,true,1.000000,video_features_v1/07_P27_20231226_14_58_05_27.npz::valid_mask,video_features_v1/07_P27_20231226_14_58_05_27.npz,"[10, 512]",float32,torchvision_r3d_18,0.24.1_kinetics400_v1,
07_P27_20231226_14_59_29_21,video,P27,P27_20231226_1459_29,test,"[""Upper_body_video_07/07_P27_20231226_14_59_29_21.mp4""]",0,0,10000,10000,Reading,4,dcpt_video_6c_v1,true,1.000000,video_features_v1/07_P27_20231226_14_59_29_21.npz::valid_mask,video_features_v1/07_P27_20231226_14_59_29_21.npz,"[10, 512]",float32,torchvision_r3d_18,0.24.1_kinetics400_v1,
07_P28_20231226_16_09_44_17,video,P28,P28_20231226_1609_44,train,"[""Upper_body_video_07/07_P28_20231226_16_09_44_17.mp4""]",0,0,10000,10000,Reading,4,dcpt_video_6c_v1,true,1.000000,video_features_v1/07_P28_20231226_16_09_44_17.npz::valid_mask,video_features_v1/07_P28_20231226_16_09_44_17.npz,"[10, 512]",float32,torchvision_r3d_18,0.24.1_kinetics400_v1,
07_P28_20231226_16_11_06_32,video,P28,P28_20231226_1611_06,train,"[""Upper_body_video_07/07_P28_20231226_16_11_06_32.mp4""]",0,0,10000,10000,Reading,4,dcpt_video_6c_v1,true,1.000000,video_features_v1/07_P28_20231226_16_11_06_32.npz::valid_mask,video_features_v1/07_P28_20231226_16_11_06_32.npz,"[10, 512]",float32,torchvision_r3d_18,0.24.1_kinetics400_v1,
07_P28_20231226_16_12_04_30,video,P28,P28_20231226_1612_04,train,"[""Upper_body_video_07/07_P28_20231226_16_12_04_30.mp4""]",0,0,10000,10000,Reading,4,dcpt_video_6c_v1,true,1.000000,video_features_v1/07_P28_20231226_16_12_04_30.npz::valid_mask,video_features_v1/07_P28_20231226_16_12_04_30.npz,"[10, 512]",float32,torchvision_r3d_18,0.24.1_kinetics400_v1,
07_P29_20231229_09_23_42_21,video,P29,P29_20231229_0923_42,val,"[""Upper_body_video_07/07_P29_20231229_09_23_42_21.mp4""]",0,0,10000,10000,Reading,4,dcpt_video_6c_v1,true,1.000000,video_features_v1/07_P29_20231229_09_23_42_21.npz::valid_mask,video_features_v1/07_P29_20231229_09_23_42_21.npz,"[10, 512]",float32,torchvision_r3d_18,0.24.1_kinetics400_v1,
07_P29_20231229_09_24_48_16,video,P29,P29_20231229_0924_48,val,"[""Upper_body_video_07/07_P29_20231229_09_24_48_16.mp4""]",0,0,10000,10000,Reading,4,dcpt_video_6c_v1,true,1.000000,video_features_v1/07_P29_20231229_09_24_48_16.npz::valid_mask,video_features_v1/07_P29_20231229_09_24_48_16.npz,"[10, 512]",float32,torchvision_r3d_18,0.24.1_kinetics400_v1,
07_P29_20231229_09_25_54_19,video,P29,P29_20231229_0925_54,val,"[""Upper_body_video_07/07_P29_20231229_09_25_54_19.mp4""]",0,0,10000,10000,Reading,4,dcpt_video_6c_v1,true,1.000000,video_features_v1/07_P29_20231229_09_25_54_19.npz::valid_mask,video_features_v1/07_P29_20231229_09_25_54_19.npz,"[10, 512]",float32,torchvision_r3d_18,0.24.1_kinetics400_v1,
07_P30_20231229_14_53_12_31,video,P30,P30_20231229_1453_12,train,"[""Upper_body_video_07/07_P30_20231229_14_53_12_31.mp4""]",0,0,10000,10000,Reading,4,dcpt_video_6c_v1,true,1.000000,video_features_v1/07_P30_20231229_14_53_12_31.npz::valid_mask,video_features_v1/07_P30_20231229_14_53_12_31.npz,"[10, 512]",float32,torchvision_r3d_18,0.24.1_kinetics400_v1,
07_P30_20231229_14_54_22_28,video,P30,P30_20231229_1454_22,train,"[""Upper_body_video_07/07_P30_20231229_14_54_22_28.mp4""]",0,0,10000,10000,Reading,4,dcpt_video_6c_v1,true,1.000000,video_features_v1/07_P30_20231229_14_54_22_28.npz::valid_mask,video_features_v1/07_P30_20231229_14_54_22_28.npz,"[10, 512]",float32,torchvision_r3d_18,0.24.1_kinetics400_v1,
07_P30_20231229_14_55_21_28,video,P30,P30_20231229_1455_21,train,"[""Upper_body_video_07/07_P30_20231229_14_55_21_28.mp4""]",0,0,10000,10000,Reading,4,dcpt_video_6c_v1,true,1.000000,video_features_v1/07_P30_20231229_14_55_21_28.npz::valid_mask,video_features_v1/07_P30_20231229_14_55_21_28.npz,"[10, 512]",float32,torchvision_r3d_18,0.24.1_kinetics400_v1,
07_P31_20231229_16_12_23_18,video,P31,P31_20231229_1612_23,train,"[""Upper_body_video_07/07_P31_20231229_16_12_23_18.mp4""]",0,0,10000,10000,Reading,4,dcpt_video_6c_v1,true,1.000000,video_features_v1/07_P31_20231229_16_12_23_18.npz::valid_mask,video_features_v1/07_P31_20231229_16_12_23_18.npz,"[10, 512]",float32,torchvision_r3d_18,0.24.1_kinetics400_v1,
07_P31_20231229_16_14_04_44,video,P31,P31_20231229_1614_04,train,"[""Upper_body_video_07/07_P31_20231229_16_14_04_44.mp4""]",0,0,10000,10000,Reading,4,dcpt_video_6c_v1,true,1.000000,video_features_v1/07_P31_20231229_16_14_04_44.npz::valid_mask,video_features_v1/07_P31_20231229_16_14_04_44.npz,"[10, 512]",float32,torchvision_r3d_18,0.24.1_kinetics400_v1,
07_P31_20231229_16_16_21_38,video,P31,P31_20231229_1616_21,train,"[""Upper_body_video_07/07_P31_20231229_16_16_21_38.mp4""]",0,0,10000,10000,Reading,4,dcpt_video_6c_v1,true,1.000000,video_features_v1/07_P31_20231229_16_16_21_38.npz::valid_mask,video_features_v1/07_P31_20231229_16_16_21_38.npz,"[10, 512]",float32,torchvision_r3d_18,0.24.1_kinetics400_v1,
07_P32_20231229_19_19_23_26,video,P32,P32_20231229_1919_23,test,"[""Upper_body_video_07/07_P32_20231229_19_19_23_26.mp4""]",0,0,10000,10000,Reading,4,dcpt_video_6c_v1,true,1.000000,video_features_v1/07_P32_20231229_19_19_23_26.npz::valid_mask,video_features_v1/07_P32_20231229_19_19_23_26.npz,"[10, 512]",float32,torchvision_r3d_18,0.24.1_kinetics400_v1,
07_P32_20231229_19_20_47_26,video,P32,P32_20231229_1920_47,test,"[""Upper_body_video_07/07_P32_20231229_19_20_47_26.mp4""]",0,0,10000,10000,Reading,4,dcpt_video_6c_v1,true,1.000000,video_features_v1/07_P32_20231229_19_20_47_26.npz::valid_mask,video_features_v1/07_P32_20231229_19_20_47_26.npz,"[10, 512]",float32,torchvision_r3d_18,0.24.1_kinetics400_v1,
07_P32_20231229_19_21_46_29,video,P32,P32_20231229_1921_46,test,"[""Upper_body_video_07/07_P32_20231229_19_21_46_29.mp4""]",0,0,10000,10000,Reading,4,dcpt_video_6c_v1,true,1.000000,video_features_v1/07_P32_20231229_19_21_46_29.npz::valid_mask,video_features_v1/07_P32_20231229_19_21_46_29.npz,"[10, 512]",float32,torchvision_r3d_18,0.24.1_kinetics400_v1,
07_P33_20240108_16_20_32_19,video,P33,P33_20240108_1620_32,test,"[""Upper_body_video_07/07_P33_20240108_16_20_32_19.mp4""]",0,0,10000,10000,Reading,4,dcpt_video_6c_v1,true,1.000000,video_features_v1/07_P33_20240108_16_20_32_19.npz::valid_mask,video_features_v1/07_P33_20240108_16_20_32_19.npz,"[10, 512]",float32,torchvision_r3d_18,0.24.1_kinetics400_v1,
07_P33_20240108_16_21_49_15,video,P33,P33_20240108_1621_49,test,"[""Upper_body_video_07/07_P33_20240108_16_21_49_15.mp4""]",0,0,10000,10000,Reading,4,dcpt_video_6c_v1,true,1.000000,video_features_v1/07_P33_20240108_16_21_49_15.npz::valid_mask,video_features_v1/07_P33_20240108_16_21_49_15.npz,"[10, 512]",float32,torchvision_r3d_18,0.24.1_kinetics400_v1,
07_P33_20240108_16_22_44_18,video,P33,P33_20240108_1622_44,test,"[""Upper_body_video_07/07_P33_20240108_16_22_44_18.mp4""]",0,0,10000,10000,Reading,4,dcpt_video_6c_v1,true,1.000000,video_features_v1/07_P33_20240108_16_22_44_18.npz::valid_mask,video_features_v1/07_P33_20240108_16_22_44_18.npz,"[10, 512]",float32,torchvision_r3d_18,0.24.1_kinetics400_v1,
07_P34_20240108_14_59_57_13,video,P34,P34_20240108_1459_57,val,"[""Upper_body_video_07/07_P34_20240108_14_59_57_13.mp4""]",0,0,10000,10000,Reading,4,dcpt_video_6c_v1,true,1.000000,video_features_v1/07_P34_20240108_14_59_57_13.npz::valid_mask,video_features_v1/07_P34_20240108_14_59_57_13.npz,"[10, 512]",float32,torchvision_r3d_18,0.24.1_kinetics400_v1,
07_P34_20240108_15_00_56_14,video,P34,P34_20240108_1500_56,val,"[""Upper_body_video_07/07_P34_20240108_15_00_56_14.mp4""]",0,0,10000,10000,Reading,4,dcpt_video_6c_v1,true,1.000000,video_features_v1/07_P34_20240108_15_00_56_14.npz::valid_mask,video_features_v1/07_P34_20240108_15_00_56_14.npz,"[10, 512]",float32,torchvision_r3d_18,0.24.1_kinetics400_v1,
07_P34_20240108_15_02_27_15,video,P34,P34_20240108_1502_27,val,"[""Upper_body_video_07/07_P34_20240108_15_02_27_15.mp4""]",0,0,10000,10000,Reading,4,dcpt_video_6c_v1,false,0.900000,video_features_v1/07_P34_20240108_15_02_27_15.npz::valid_mask,video_features_v1/07_P34_20240108_15_02_27_15.npz,"[10, 512]",float32,torchvision_r3d_18,0.24.1_kinetics400_v1,coverage_below_0.95
07_P35_20240109_09_44_11_16,video,P35,P35_20240109_0944_11,train,"[""Upper_body_video_07/07_P35_20240109_09_44_11_16.mp4""]",0,0,10000,10000,Reading,4,dcpt_video_6c_v1,true,1.000000,video_features_v1/07_P35_20240109_09_44_11_16.npz::valid_mask,video_features_v1/07_P35_20240109_09_44_11_16.npz,"[10, 512]",float32,torchvision_r3d_18,0.24.1_kinetics400_v1,
07_P35_20240109_09_45_45_14,video,P35,P35_20240109_0945_45,train,"[""Upper_body_video_07/07_P35_20240109_09_45_45_14.mp4""]",0,0,10000,10000,Reading,4,dcpt_video_6c_v1,true,1.000000,video_features_v1/07_P35_20240109_09_45_45_14.npz::valid_mask,video_features_v1/07_P35_20240109_09_45_45_14.npz,"[10, 512]",float32,torchvision_r3d_18,0.24.1_kinetics400_v1,
07_P35_20240109_09_46_45_19,video,P35,P35_20240109_0946_45,train,"[""Upper_body_video_07/07_P35_20240109_09_46_45_19.mp4""]",0,0,10000,10000,Reading,4,dcpt_video_6c_v1,true,1.000000,video_features_v1/07_P35_20240109_09_46_45_19.npz::valid_mask,video_features_v1/07_P35_20240109_09_46_45_19.npz,"[10, 512]",float32,torchvision_r3d_18,0.24.1_kinetics400_v1,
07_P36_20240109_17_11_49_25,video,P36,P36_20240109_1711_49,train,"[""Upper_body_video_07/07_P36_20240109_17_11_49_25.mp4""]",0,0,10000,10000,Reading,4,dcpt_video_6c_v1,true,1.000000,video_features_v1/07_P36_20240109_17_11_49_25.npz::valid_mask,video_features_v1/07_P36_20240109_17_11_49_25.npz,"[10, 512]",float32,torchvision_r3d_18,0.24.1_kinetics400_v1,
07_P36_20240109_17_12_40_16,video,P36,P36_20240109_1712_40,train,"[""Upper_body_video_07/07_P36_20240109_17_12_40_16.mp4""]",0,0,10000,10000,Reading,4,dcpt_video_6c_v1,true,1.000000,video_features_v1/07_P36_20240109_17_12_40_16.npz::valid_mask,video_features_v1/07_P36_20240109_17_12_40_16.npz,"[10, 512]",float32,torchvision_r3d_18,0.24.1_kinetics400_v1,
07_P36_20240109_17_13_48_17,video,P36,P36_20240109_1713_48,train,"[""Upper_body_video_07/07_P36_20240109_17_13_48_17.mp4""]",0,0,10000,10000,Reading,4,dcpt_video_6c_v1,true,1.000000,video_features_v1/07_P36_20240109_17_13_48_17.npz::valid_mask,video_features_v1/07_P36_20240109_17_13_48_17.npz,"[10, 512]",float32,torchvision_r3d_18,0.24.1_kinetics400_v1,
07_P37_20240109_19_13_02_27,video,P37,P37_20240109_1913_02,train,"[""Upper_body_video_07/07_P37_20240109_19_13_02_27.mp4""]",0,0,10000,10000,Reading,4,dcpt_video_6c_v1,true,1.000000,video_features_v1/07_P37_20240109_19_13_02_27.npz::valid_mask,video_features_v1/07_P37_20240109_19_13_02_27.npz,"[10, 512]",float32,torchvision_r3d_18,0.24.1_kinetics400_v1,
07_P37_20240109_19_14_20_22,video,P37,P37_20240109_1914_20,train,"[""Upper_body_video_07/07_P37_20240109_19_14_20_22.mp4""]",0,0,10000,10000,Reading,4,dcpt_video_6c_v1,true,1.000000,video_features_v1/07_P37_20240109_19_14_20_22.npz::valid_mask,video_features_v1/07_P37_20240109_19_14_20_22.npz,"[10, 512]",float32,torchvision_r3d_18,0.24.1_kinetics400_v1,
07_P37_20240109_19_15_32_30,video,P37,P37_20240109_1915_32,train,"[""Upper_body_video_07/07_P37_20240109_19_15_32_30.mp4""]",0,0,10000,10000,Reading,4,dcpt_video_6c_v1,true,1.000000,video_features_v1/07_P37_20240109_19_15_32_30.npz::valid_mask,video_features_v1/07_P37_20240109_19_15_32_30.npz,"[10, 512]",float32,torchvision_r3d_18,0.24.1_kinetics400_v1,
07_P38_20240110_14_46_01_21,video,P38,P38_20240110_1446_01,test,"[""Upper_body_video_07/07_P38_20240110_14_46_01_21.mp4""]",0,0,10000,10000,Reading,4,dcpt_video_6c_v1,true,1.000000,video_features_v1/07_P38_20240110_14_46_01_21.npz::valid_mask,video_features_v1/07_P38_20240110_14_46_01_21.npz,"[10, 512]",float32,torchvision_r3d_18,0.24.1_kinetics400_v1,
07_P38_20240110_14_47_21_15,video,P38,P38_20240110_1447_21,test,"[""Upper_body_video_07/07_P38_20240110_14_47_21_15.mp4""]",0,0,10000,10000,Reading,4,dcpt_video_6c_v1,true,1.000000,video_features_v1/07_P38_20240110_14_47_21_15.npz::valid_mask,video_features_v1/07_P38_20240110_14_47_21_15.npz,"[10, 512]",float32,torchvision_r3d_18,0.24.1_kinetics400_v1,
07_P38_20240110_14_48_44_24,video,P38,P38_20240110_1448_44,test,"[""Upper_body_video_07/07_P38_20240110_14_48_44_24.mp4""]",0,0,10000,10000,Reading,4,dcpt_video_6c_v1,true,1.000000,video_features_v1/07_P38_20240110_14_48_44_24.npz::valid_mask,video_features_v1/07_P38_20240110_14_48_44_24.npz,"[10, 512]",float32,torchvision_r3d_18,0.24.1_kinetics400_v1,
07_P39_20240110_15_58_26_16,video,P39,P39_20240110_1558_26,train,"[""Upper_body_video_07/07_P39_20240110_15_58_26_16.mp4""]",0,0,10000,10000,Reading,4,dcpt_video_6c_v1,true,1.000000,video_features_v1/07_P39_20240110_15_58_26_16.npz::valid_mask,video_features_v1/07_P39_20240110_15_58_26_16.npz,"[10, 512]",float32,torchvision_r3d_18,0.24.1_kinetics400_v1,
07_P39_20240110_15_59_39_29,video,P39,P39_20240110_1559_39,train,"[""Upper_body_video_07/07_P39_20240110_15_59_39_29.mp4""]",0,0,10000,10000,Reading,4,dcpt_video_6c_v1,true,1.000000,video_features_v1/07_P39_20240110_15_59_39_29.npz::valid_mask,video_features_v1/07_P39_20240110_15_59_39_29.npz,"[10, 512]",float32,torchvision_r3d_18,0.24.1_kinetics400_v1,
07_P39_20240110_16_00_56_27,video,P39,P39_20240110_1600_56,train,"[""Upper_body_video_07/07_P39_20240110_16_00_56_27.mp4""]",0,0,10000,10000,Reading,4,dcpt_video_6c_v1,true,1.000000,video_features_v1/07_P39_20240110_16_00_56_27.npz::valid_mask,video_features_v1/07_P39_20240110_16_00_56_27.npz,"[10, 512]",float32,torchvision_r3d_18,0.24.1_kinetics400_v1,
07_P40_20240110_17_22_58_28,video,P40,P40_20240110_1722_58,val,"[""Upper_body_video_07/07_P40_20240110_17_22_58_28.mp4""]",0,0,10000,10000,Reading,4,dcpt_video_6c_v1,true,1.000000,video_features_v1/07_P40_20240110_17_22_58_28.npz::valid_mask,video_features_v1/07_P40_20240110_17_22_58_28.npz,"[10, 512]",float32,torchvision_r3d_18,0.24.1_kinetics400_v1,
07_P40_20240110_17_24_23_28,video,P40,P40_20240110_1724_23,val,"[""Upper_body_video_07/07_P40_20240110_17_24_23_28.mp4""]",0,0,10000,10000,Reading,4,dcpt_video_6c_v1,true,1.000000,video_features_v1/07_P40_20240110_17_24_23_28.npz::valid_mask,video_features_v1/07_P40_20240110_17_24_23_28.npz,"[10, 512]",float32,torchvision_r3d_18,0.24.1_kinetics400_v1,
07_P40_20240110_17_25_43_29,video,P40,P40_20240110_1725_43,val,"[""Upper_body_video_07/07_P40_20240110_17_25_43_29.mp4""]",0,0,10000,10000,Reading,4,dcpt_video_6c_v1,true,1.000000,video_features_v1/07_P40_20240110_17_25_43_29.npz::valid_mask,video_features_v1/07_P40_20240110_17_25_43_29.npz,"[10, 512]",float32,torchvision_r3d_18,0.24.1_kinetics400_v1,
08_P01_20231111_10_58_59_16,video,P01,P01_20231111_1058_59,val,"[""Upper_body_video_08/08_P01_20231111_10_58_59_16.mp4""]",0,0,10000,10000,Eating,5,dcpt_video_6c_v1,true,1.000000,video_features_v1/08_P01_20231111_10_58_59_16.npz::valid_mask,video_features_v1/08_P01_20231111_10_58_59_16.npz,"[10, 512]",float32,torchvision_r3d_18,0.24.1_kinetics400_v1,
08_P01_20231111_11_01_09_27,video,P01,P01_20231111_1101_09,val,"[""Upper_body_video_08/08_P01_20231111_11_01_09_27.mp4""]",0,0,10000,10000,Eating,5,dcpt_video_6c_v1,true,1.000000,video_features_v1/08_P01_20231111_11_01_09_27.npz::valid_mask,video_features_v1/08_P01_20231111_11_01_09_27.npz,"[10, 512]",float32,torchvision_r3d_18,0.24.1_kinetics400_v1,
08_P01_20231111_11_02_35_16,video,P01,P01_20231111_1102_35,val,"[""Upper_body_video_08/08_P01_20231111_11_02_35_16.mp4""]",0,0,10000,10000,Eating,5,dcpt_video_6c_v1,true,1.000000,video_features_v1/08_P01_20231111_11_02_35_16.npz::valid_mask,video_features_v1/08_P01_20231111_11_02_35_16.npz,"[10, 512]",float32,torchvision_r3d_18,0.24.1_kinetics400_v1,
08_P01_20231111_11_03_32_15,video,P01,P01_20231111_1103_32,val,"[""Upper_body_video_08/08_P01_20231111_11_03_32_15.mp4""]",0,0,10000,10000,Eating,5,dcpt_video_6c_v1,true,1.000000,video_features_v1/08_P01_20231111_11_03_32_15.npz::valid_mask,video_features_v1/08_P01_20231111_11_03_32_15.npz,"[10, 512]",float32,torchvision_r3d_18,0.24.1_kinetics400_v1,
08_P02_20231114_15_05_13_17,video,P02,P02_20231114_1505_13,train,"[""Upper_body_video_08/08_P02_20231114_15_05_13_17.mp4""]",0,0,10000,10000,Eating,5,dcpt_video_6c_v1,true,1.000000,video_features_v1/08_P02_20231114_15_05_13_17.npz::valid_mask,video_features_v1/08_P02_20231114_15_05_13_17.npz,"[10, 512]",float32,torchvision_r3d_18,0.24.1_kinetics400_v1,
08_P02_20231114_15_06_51_19,video,P02,P02_20231114_1506_51,train,"[""Upper_body_video_08/08_P02_20231114_15_06_51_19.mp4""]",0,0,10000,10000,Eating,5,dcpt_video_6c_v1,true,1.000000,video_features_v1/08_P02_20231114_15_06_51_19.npz::valid_mask,video_features_v1/08_P02_20231114_15_06_51_19.npz,"[10, 512]",float32,torchvision_r3d_18,0.24.1_kinetics400_v1,
08_P02_20231114_15_08_53_17,video,P02,P02_20231114_1508_53,train,"[""Upper_body_video_08/08_P02_20231114_15_08_53_17.mp4""]",0,0,10000,10000,Eating,5,dcpt_video_6c_v1,true,1.000000,video_features_v1/08_P02_20231114_15_08_53_17.npz::valid_mask,video_features_v1/08_P02_20231114_15_08_53_17.npz,"[10, 512]",float32,torchvision_r3d_18,0.24.1_kinetics400_v1,
08_P03_20231114_16_48_44_14,video,P03,P03_20231114_1648_44,val,"[""Upper_body_video_08/08_P03_20231114_16_48_44_14.mp4""]",0,0,10000,10000,Eating,5,dcpt_video_6c_v1,true,1.000000,video_features_v1/08_P03_20231114_16_48_44_14.npz::valid_mask,video_features_v1/08_P03_20231114_16_48_44_14.npz,"[10, 512]",float32,torchvision_r3d_18,0.24.1_kinetics400_v1,
08_P03_20231114_16_49_55_13,video,P03,P03_20231114_1649_55,val,"[""Upper_body_video_08/08_P03_20231114_16_49_55_13.mp4""]",0,0,10000,10000,Eating,5,dcpt_video_6c_v1,true,1.000000,video_features_v1/08_P03_20231114_16_49_55_13.npz::valid_mask,video_features_v1/08_P03_20231114_16_49_55_13.npz,"[10, 512]",float32,torchvision_r3d_18,0.24.1_kinetics400_v1,
08_P04_20231115_19_58_35_47,video,P04,P04_20231115_1958_35,val,"[""Upper_body_video_08/08_P04_20231115_19_58_35_47.mp4""]",0,0,10000,10000,Eating,5,dcpt_video_6c_v1,true,1.000000,video_features_v1/08_P04_20231115_19_58_35_47.npz::valid_mask,video_features_v1/08_P04_20231115_19_58_35_47.npz,"[10, 512]",float32,torchvision_r3d_18,0.24.1_kinetics400_v1,
08_P04_20231115_20_00_00_37,video,P04,P04_20231115_2000_00,val,"[""Upper_body_video_08/08_P04_20231115_20_00_00_37.mp4""]",0,0,10000,10000,Eating,5,dcpt_video_6c_v1,true,1.000000,video_features_v1/08_P04_20231115_20_00_00_37.npz::valid_mask,video_features_v1/08_P04_20231115_20_00_00_37.npz,"[10, 512]",float32,torchvision_r3d_18,0.24.1_kinetics400_v1,
08_P05_20231116_11_31_13_21,video,P05,P05_20231116_1131_13,train,"[""Upper_body_video_08/08_P05_20231116_11_31_13_21.mp4""]",0,0,10000,10000,Eating,5,dcpt_video_6c_v1,true,1.000000,video_features_v1/08_P05_20231116_11_31_13_21.npz::valid_mask,video_features_v1/08_P05_20231116_11_31_13_21.npz,"[10, 512]",float32,torchvision_r3d_18,0.24.1_kinetics400_v1,
08_P05_20231116_11_32_26_23,video,P05,P05_20231116_1132_26,train,"[""Upper_body_video_08/08_P05_20231116_11_32_26_23.mp4""]",0,0,10000,10000,Eating,5,dcpt_video_6c_v1,true,1.000000,video_features_v1/08_P05_20231116_11_32_26_23.npz::valid_mask,video_features_v1/08_P05_20231116_11_32_26_23.npz,"[10, 512]",float32,torchvision_r3d_18,0.24.1_kinetics400_v1,
08_P05_20231116_11_34_44_24,video,P05,P05_20231116_1134_44,train,"[""Upper_body_video_08/08_P05_20231116_11_34_44_24.mp4""]",0,0,10000,10000,Eating,5,dcpt_video_6c_v1,true,1.000000,video_features_v1/08_P05_20231116_11_34_44_24.npz::valid_mask,video_features_v1/08_P05_20231116_11_34_44_24.npz,"[10, 512]",float32,torchvision_r3d_18,0.24.1_kinetics400_v1,
08_P06_20231116_15_05_15_26,video,P06,P06_20231116_1505_15,train,"[""Upper_body_video_08/08_P06_20231116_15_05_15_26.mp4""]",0,0,10000,10000,Eating,5,dcpt_video_6c_v1,true,1.000000,video_features_v1/08_P06_20231116_15_05_15_26.npz::valid_mask,video_features_v1/08_P06_20231116_15_05_15_26.npz,"[10, 512]",float32,torchvision_r3d_18,0.24.1_kinetics400_v1,
08_P06_20231116_15_06_34_23,video,P06,P06_20231116_1506_34,train,"[""Upper_body_video_08/08_P06_20231116_15_06_34_23.mp4""]",0,0,10000,10000,Eating,5,dcpt_video_6c_v1,true,1.000000,video_features_v1/08_P06_20231116_15_06_34_23.npz::valid_mask,video_features_v1/08_P06_20231116_15_06_34_23.npz,"[10, 512]",float32,torchvision_r3d_18,0.24.1_kinetics400_v1,
08_P06_20231116_15_08_42_32,video,P06,P06_20231116_1508_42,train,"[""Upper_body_video_08/08_P06_20231116_15_08_42_32.mp4""]",0,0,10000,10000,Eating,5,dcpt_video_6c_v1,true,1.000000,video_features_v1/08_P06_20231116_15_08_42_32.npz::valid_mask,video_features_v1/08_P06_20231116_15_08_42_32.npz,"[10, 512]",float32,torchvision_r3d_18,0.24.1_kinetics400_v1,
08_P07_20231116_17_14_13_41,video,P07,P07_20231116_1714_13,test,"[""Upper_body_video_08/08_P07_20231116_17_14_13_41.mp4""]",0,0,10000,10000,Eating,5,dcpt_video_6c_v1,true,1.000000,video_features_v1/08_P07_20231116_17_14_13_41.npz::valid_mask,video_features_v1/08_P07_20231116_17_14_13_41.npz,"[10, 512]",float32,torchvision_r3d_18,0.24.1_kinetics400_v1,
08_P07_20231116_17_16_20_46,video,P07,P07_20231116_1716_20,test,"[""Upper_body_video_08/08_P07_20231116_17_16_20_46.mp4""]",0,0,10000,10000,Eating,5,dcpt_video_6c_v1,true,1.000000,video_features_v1/08_P07_20231116_17_16_20_46.npz::valid_mask,video_features_v1/08_P07_20231116_17_16_20_46.npz,"[10, 512]",float32,torchvision_r3d_18,0.24.1_kinetics400_v1,
08_P07_20231116_17_17_37_39,video,P07,P07_20231116_1717_37,test,"[""Upper_body_video_08/08_P07_20231116_17_17_37_39.mp4""]",0,0,10000,10000,Eating,5,dcpt_video_6c_v1,true,1.000000,video_features_v1/08_P07_20231116_17_17_37_39.npz::valid_mask,video_features_v1/08_P07_20231116_17_17_37_39.npz,"[10, 512]",float32,torchvision_r3d_18,0.24.1_kinetics400_v1,
08_P08_20231116_19_38_15_20,video,P08,P08_20231116_1938_15,test,"[""Upper_body_video_08/08_P08_20231116_19_38_15_20.mp4""]",0,0,10000,10000,Eating,5,dcpt_video_6c_v1,true,1.000000,video_features_v1/08_P08_20231116_19_38_15_20.npz::valid_mask,video_features_v1/08_P08_20231116_19_38_15_20.npz,"[10, 512]",float32,torchvision_r3d_18,0.24.1_kinetics400_v1,
08_P08_20231116_19_42_02_30,video,P08,P08_20231116_1942_02,test,"[""Upper_body_video_08/08_P08_20231116_19_42_02_30.mp4""]",0,0,10000,10000,Eating,5,dcpt_video_6c_v1,true,1.000000,video_features_v1/08_P08_20231116_19_42_02_30.npz::valid_mask,video_features_v1/08_P08_20231116_19_42_02_30.npz,"[10, 512]",float32,torchvision_r3d_18,0.24.1_kinetics400_v1,
08_P08_20231116_19_43_58_23,video,P08,P08_20231116_1943_58,test,"[""Upper_body_video_08/08_P08_20231116_19_43_58_23.mp4""]",0,0,10000,10000,Eating,5,dcpt_video_6c_v1,true,1.000000,video_features_v1/08_P08_20231116_19_43_58_23.npz::valid_mask,video_features_v1/08_P08_20231116_19_43_58_23.npz,"[10, 512]",float32,torchvision_r3d_18,0.24.1_kinetics400_v1,
08_P09_20231117_10_29_59_14,video,P09,P09_20231117_1029_59,train,"[""Upper_body_video_08/08_P09_20231117_10_29_59_14.mp4""]",0,0,10000,10000,Eating,5,dcpt_video_6c_v1,true,1.000000,video_features_v1/08_P09_20231117_10_29_59_14.npz::valid_mask,video_features_v1/08_P09_20231117_10_29_59_14.npz,"[10, 512]",float32,torchvision_r3d_18,0.24.1_kinetics400_v1,
08_P09_20231117_10_31_23_16,video,P09,P09_20231117_1031_23,train,"[""Upper_body_video_08/08_P09_20231117_10_31_23_16.mp4""]",0,0,10000,10000,Eating,5,dcpt_video_6c_v1,true,1.000000,video_features_v1/08_P09_20231117_10_31_23_16.npz::valid_mask,video_features_v1/08_P09_20231117_10_31_23_16.npz,"[10, 512]",float32,torchvision_r3d_18,0.24.1_kinetics400_v1,
08_P09_20231117_10_32_32_12,video,P09,P09_20231117_1032_32,train,"[""Upper_body_video_08/08_P09_20231117_10_32_32_12.mp4""]",0,0,10000,10000,Eating,5,dcpt_video_6c_v1,true,1.000000,video_features_v1/08_P09_20231117_10_32_32_12.npz::valid_mask,video_features_v1/08_P09_20231117_10_32_32_12.npz,"[10, 512]",float32,torchvision_r3d_18,0.24.1_kinetics400_v1,
08_P10_20231123_16_54_42_29,video,P10,P10_20231123_1654_42,val,"[""Upper_body_video_08/08_P10_20231123_16_54_42_29.mp4""]",0,0,10000,10000,Eating,5,dcpt_video_6c_v1,true,1.000000,video_features_v1/08_P10_20231123_16_54_42_29.npz::valid_mask,video_features_v1/08_P10_20231123_16_54_42_29.npz,"[10, 512]",float32,torchvision_r3d_18,0.24.1_kinetics400_v1,
08_P10_20231123_16_55_43_35,video,P10,P10_20231123_1655_43,val,"[""Upper_body_video_08/08_P10_20231123_16_55_43_35.mp4""]",0,0,10000,10000,Eating,5,dcpt_video_6c_v1,true,1.000000,video_features_v1/08_P10_20231123_16_55_43_35.npz::valid_mask,video_features_v1/08_P10_20231123_16_55_43_35.npz,"[10, 512]",float32,torchvision_r3d_18,0.24.1_kinetics400_v1,
08_P10_20231123_16_57_03_30,video,P10,P10_20231123_1657_03,val,"[""Upper_body_video_08/08_P10_20231123_16_57_03_30.mp4""]",0,0,10000,10000,Eating,5,dcpt_video_6c_v1,true,1.000000,video_features_v1/08_P10_20231123_16_57_03_30.npz::valid_mask,video_features_v1/08_P10_20231123_16_57_03_30.npz,"[10, 512]",float32,torchvision_r3d_18,0.24.1_kinetics400_v1,
08_P11_20231124_14_57_26_27,video,P11,P11_20231124_1457_26,train,"[""Upper_body_video_08/08_P11_20231124_14_57_26_27.mp4""]",0,0,10000,10000,Eating,5,dcpt_video_6c_v1,true,1.000000,video_features_v1/08_P11_20231124_14_57_26_27.npz::valid_mask,video_features_v1/08_P11_20231124_14_57_26_27.npz,"[10, 512]",float32,torchvision_r3d_18,0.24.1_kinetics400_v1,
08_P11_20231124_14_59_51_21,video,P11,P11_20231124_1459_51,train,"[""Upper_body_video_08/08_P11_20231124_14_59_51_21.mp4""]",0,0,10000,10000,Eating,5,dcpt_video_6c_v1,true,1.000000,video_features_v1/08_P11_20231124_14_59_51_21.npz::valid_mask,video_features_v1/08_P11_20231124_14_59_51_21.npz,"[10, 512]",float32,torchvision_r3d_18,0.24.1_kinetics400_v1,
08_P11_20231124_15_00_42_19,video,P11,P11_20231124_1500_42,train,"[""Upper_body_video_08/08_P11_20231124_15_00_42_19.mp4""]",0,0,10000,10000,Eating,5,dcpt_video_6c_v1,true,1.000000,video_features_v1/08_P11_20231124_15_00_42_19.npz::valid_mask,video_features_v1/08_P11_20231124_15_00_42_19.npz,"[10, 512]",float32,torchvision_r3d_18,0.24.1_kinetics400_v1,
08_P12_20231125_14_52_49_17,video,P12,P12_20231125_1452_49,train,"[""Upper_body_video_08/08_P12_20231125_14_52_49_17.mp4""]",0,0,10000,10000,Eating,5,dcpt_video_6c_v1,true,1.000000,video_features_v1/08_P12_20231125_14_52_49_17.npz::valid_mask,video_features_v1/08_P12_20231125_14_52_49_17.npz,"[10, 512]",float32,torchvision_r3d_18,0.24.1_kinetics400_v1,
08_P12_20231125_14_55_42_21,video,P12,P12_20231125_1455_42,train,"[""Upper_body_video_08/08_P12_20231125_14_55_42_21.mp4""]",0,0,10000,10000,Eating,5,dcpt_video_6c_v1,true,1.000000,video_features_v1/08_P12_20231125_14_55_42_21.npz::valid_mask,video_features_v1/08_P12_20231125_14_55_42_21.npz,"[10, 512]",float32,torchvision_r3d_18,0.24.1_kinetics400_v1,
08_P12_20231125_14_56_42_20,video,P12,P12_20231125_1456_42,train,"[""Upper_body_video_08/08_P12_20231125_14_56_42_20.mp4""]",0,0,10000,10000,Eating,5,dcpt_video_6c_v1,true,1.000000,video_features_v1/08_P12_20231125_14_56_42_20.npz::valid_mask,video_features_v1/08_P12_20231125_14_56_42_20.npz,"[10, 512]",float32,torchvision_r3d_18,0.24.1_kinetics400_v1,
08_P13_20231125_17_03_12_18,video,P13,P13_20231125_1703_12,train,"[""Upper_body_video_08/08_P13_20231125_17_03_12_18.mp4""]",0,0,10000,10000,Eating,5,dcpt_video_6c_v1,true,1.000000,video_features_v1/08_P13_20231125_17_03_12_18.npz::valid_mask,video_features_v1/08_P13_20231125_17_03_12_18.npz,"[10, 512]",float32,torchvision_r3d_18,0.24.1_kinetics400_v1,
08_P13_20231125_17_04_06_17,video,P13,P13_20231125_1704_06,train,"[""Upper_body_video_08/08_P13_20231125_17_04_06_17.mp4""]",0,0,10000,10000,Eating,5,dcpt_video_6c_v1,true,1.000000,video_features_v1/08_P13_20231125_17_04_06_17.npz::valid_mask,video_features_v1/08_P13_20231125_17_04_06_17.npz,"[10, 512]",float32,torchvision_r3d_18,0.24.1_kinetics400_v1,
08_P14_20231128_15_20_17_16,video,P14,P14_20231128_1520_17,train,"[""Upper_body_video_08/08_P14_20231128_15_20_17_16.mp4""]",0,0,10000,10000,Eating,5,dcpt_video_6c_v1,true,1.000000,video_features_v1/08_P14_20231128_15_20_17_16.npz::valid_mask,video_features_v1/08_P14_20231128_15_20_17_16.npz,"[10, 512]",float32,torchvision_r3d_18,0.24.1_kinetics400_v1,
08_P14_20231128_15_21_09_17,video,P14,P14_20231128_1521_09,train,"[""Upper_body_video_08/08_P14_20231128_15_21_09_17.mp4""]",0,0,10000,10000,Eating,5,dcpt_video_6c_v1,true,1.000000,video_features_v1/08_P14_20231128_15_21_09_17.npz::valid_mask,video_features_v1/08_P14_20231128_15_21_09_17.npz,"[10, 512]",float32,torchvision_r3d_18,0.24.1_kinetics400_v1,
08_P14_20231128_15_23_04_15,video,P14,P14_20231128_1523_04,train,"[""Upper_body_video_08/08_P14_20231128_15_23_04_15.mp4""]",0,0,10000,10000,Eating,5,dcpt_video_6c_v1,true,1.000000,video_features_v1/08_P14_20231128_15_23_04_15.npz::valid_mask,video_features_v1/08_P14_20231128_15_23_04_15.npz,"[10, 512]",float32,torchvision_r3d_18,0.24.1_kinetics400_v1,
08_P15_20231128_16_54_28_21,video,P15,P15_20231128_1654_28,test,"[""Upper_body_video_08/08_P15_20231128_16_54_28_21.mp4""]",0,0,10000,10000,Eating,5,dcpt_video_6c_v1,true,1.000000,video_features_v1/08_P15_20231128_16_54_28_21.npz::valid_mask,video_features_v1/08_P15_20231128_16_54_28_21.npz,"[10, 512]",float32,torchvision_r3d_18,0.24.1_kinetics400_v1,
08_P15_20231128_16_55_57_17,video,P15,P15_20231128_1655_57,test,"[""Upper_body_video_08/08_P15_20231128_16_55_57_17.mp4""]",0,0,10000,10000,Eating,5,dcpt_video_6c_v1,true,1.000000,video_features_v1/08_P15_20231128_16_55_57_17.npz::valid_mask,video_features_v1/08_P15_20231128_16_55_57_17.npz,"[10, 512]",float32,torchvision_r3d_18,0.24.1_kinetics400_v1,
08_P15_20231128_16_56_53_18,video,P15,P15_20231128_1656_53,test,"[""Upper_body_video_08/08_P15_20231128_16_56_53_18.mp4""]",0,0,10000,10000,Eating,5,dcpt_video_6c_v1,false,0.900000,video_features_v1/08_P15_20231128_16_56_53_18.npz::valid_mask,video_features_v1/08_P15_20231128_16_56_53_18.npz,"[10, 512]",float32,torchvision_r3d_18,0.24.1_kinetics400_v1,coverage_below_0.95
08_P16_20231130_13_49_31_30,video,P16,P16_20231130_1349_31,train,"[""Upper_body_video_08/08_P16_20231130_13_49_31_30.mp4""]",0,0,10000,10000,Eating,5,dcpt_video_6c_v1,true,1.000000,video_features_v1/08_P16_20231130_13_49_31_30.npz::valid_mask,video_features_v1/08_P16_20231130_13_49_31_30.npz,"[10, 512]",float32,torchvision_r3d_18,0.24.1_kinetics400_v1,
08_P16_20231130_13_50_45_20,video,P16,P16_20231130_1350_45,train,"[""Upper_body_video_08/08_P16_20231130_13_50_45_20.mp4""]",0,0,10000,10000,Eating,5,dcpt_video_6c_v1,true,1.000000,video_features_v1/08_P16_20231130_13_50_45_20.npz::valid_mask,video_features_v1/08_P16_20231130_13_50_45_20.npz,"[10, 512]",float32,torchvision_r3d_18,0.24.1_kinetics400_v1,
08_P16_20231130_13_52_04_20,video,P16,P16_20231130_1352_04,train,"[""Upper_body_video_08/08_P16_20231130_13_52_04_20.mp4""]",0,0,10000,10000,Eating,5,dcpt_video_6c_v1,true,1.000000,video_features_v1/08_P16_20231130_13_52_04_20.npz::valid_mask,video_features_v1/08_P16_20231130_13_52_04_20.npz,"[10, 512]",float32,torchvision_r3d_18,0.24.1_kinetics400_v1,
08_P17_20231130_15_04_17_24,video,P17,P17_20231130_1504_17,train,"[""Upper_body_video_08/08_P17_20231130_15_04_17_24.mp4""]",0,0,10000,10000,Eating,5,dcpt_video_6c_v1,true,1.000000,video_features_v1/08_P17_20231130_15_04_17_24.npz::valid_mask,video_features_v1/08_P17_20231130_15_04_17_24.npz,"[10, 512]",float32,torchvision_r3d_18,0.24.1_kinetics400_v1,
08_P17_20231130_15_06_18_25,video,P17,P17_20231130_1506_18,train,"[""Upper_body_video_08/08_P17_20231130_15_06_18_25.mp4""]",0,0,10000,10000,Eating,5,dcpt_video_6c_v1,true,1.000000,video_features_v1/08_P17_20231130_15_06_18_25.npz::valid_mask,video_features_v1/08_P17_20231130_15_06_18_25.npz,"[10, 512]",float32,torchvision_r3d_18,0.24.1_kinetics400_v1,
08_P17_20231130_15_07_25_26,video,P17,P17_20231130_1507_25,train,"[""Upper_body_video_08/08_P17_20231130_15_07_25_26.mp4""]",0,0,10000,10000,Eating,5,dcpt_video_6c_v1,true,1.000000,video_features_v1/08_P17_20231130_15_07_25_26.npz::valid_mask,video_features_v1/08_P17_20231130_15_07_25_26.npz,"[10, 512]",float32,torchvision_r3d_18,0.24.1_kinetics400_v1,
08_P18_20231130_19_30_24_14,video,P18,P18_20231130_1930_24,train,"[""Upper_body_video_08/08_P18_20231130_19_30_24_14.mp4""]",0,0,10000,10000,Eating,5,dcpt_video_6c_v1,true,1.000000,video_features_v1/08_P18_20231130_19_30_24_14.npz::valid_mask,video_features_v1/08_P18_20231130_19_30_24_14.npz,"[10, 512]",float32,torchvision_r3d_18,0.24.1_kinetics400_v1,
08_P18_20231130_19_32_48_17,video,P18,P18_20231130_1932_48,train,"[""Upper_body_video_08/08_P18_20231130_19_32_48_17.mp4""]",0,0,10000,10000,Eating,5,dcpt_video_6c_v1,true,1.000000,video_features_v1/08_P18_20231130_19_32_48_17.npz::valid_mask,video_features_v1/08_P18_20231130_19_32_48_17.npz,"[10, 512]",float32,torchvision_r3d_18,0.24.1_kinetics400_v1,
08_P18_20231130_19_34_05_14,video,P18,P18_20231130_1934_05,train,"[""Upper_body_video_08/08_P18_20231130_19_34_05_14.mp4""]",0,0,10000,10000,Eating,5,dcpt_video_6c_v1,true,1.000000,video_features_v1/08_P18_20231130_19_34_05_14.npz::valid_mask,video_features_v1/08_P18_20231130_19_34_05_14.npz,"[10, 512]",float32,torchvision_r3d_18,0.24.1_kinetics400_v1,
08_P19_20231201_12_20_55_24,video,P19,P19_20231201_1220_55,train,"[""Upper_body_video_08/08_P19_20231201_12_20_55_24.mp4""]",0,0,10000,10000,Eating,5,dcpt_video_6c_v1,true,1.000000,video_features_v1/08_P19_20231201_12_20_55_24.npz::valid_mask,video_features_v1/08_P19_20231201_12_20_55_24.npz,"[10, 512]",float32,torchvision_r3d_18,0.24.1_kinetics400_v1,
08_P19_20231201_12_22_58_20,video,P19,P19_20231201_1222_58,train,"[""Upper_body_video_08/08_P19_20231201_12_22_58_20.mp4""]",0,0,10000,10000,Eating,5,dcpt_video_6c_v1,true,1.000000,video_features_v1/08_P19_20231201_12_22_58_20.npz::valid_mask,video_features_v1/08_P19_20231201_12_22_58_20.npz,"[10, 512]",float32,torchvision_r3d_18,0.24.1_kinetics400_v1,
08_P20_20231201_16_37_06_20,video,P20,P20_20231201_1637_06,val,"[""Upper_body_video_08/08_P20_20231201_16_37_06_20.mp4""]",0,0,10000,10000,Eating,5,dcpt_video_6c_v1,true,1.000000,video_features_v1/08_P20_20231201_16_37_06_20.npz::valid_mask,video_features_v1/08_P20_20231201_16_37_06_20.npz,"[10, 512]",float32,torchvision_r3d_18,0.24.1_kinetics400_v1,
08_P20_20231201_16_39_05_16,video,P20,P20_20231201_1639_05,val,"[""Upper_body_video_08/08_P20_20231201_16_39_05_16.mp4""]",0,0,10000,10000,Eating,5,dcpt_video_6c_v1,true,1.000000,video_features_v1/08_P20_20231201_16_39_05_16.npz::valid_mask,video_features_v1/08_P20_20231201_16_39_05_16.npz,"[10, 512]",float32,torchvision_r3d_18,0.24.1_kinetics400_v1,
08_P20_20231201_16_40_32_17,video,P20,P20_20231201_1640_32,val,"[""Upper_body_video_08/08_P20_20231201_16_40_32_17.mp4""]",0,0,10000,10000,Eating,5,dcpt_video_6c_v1,true,1.000000,video_features_v1/08_P20_20231201_16_40_32_17.npz::valid_mask,video_features_v1/08_P20_20231201_16_40_32_17.npz,"[10, 512]",float32,torchvision_r3d_18,0.24.1_kinetics400_v1,
08_P21_20231207_15_21_35_11,video,P21,P21_20231207_1521_35,test,"[""Upper_body_video_08/08_P21_20231207_15_21_35_11.mp4""]",0,0,10000,10000,Eating,5,dcpt_video_6c_v1,true,1.000000,video_features_v1/08_P21_20231207_15_21_35_11.npz::valid_mask,video_features_v1/08_P21_20231207_15_21_35_11.npz,"[10, 512]",float32,torchvision_r3d_18,0.24.1_kinetics400_v1,
08_P21_20231207_15_22_36_12,video,P21,P21_20231207_1522_36,test,"[""Upper_body_video_08/08_P21_20231207_15_22_36_12.mp4""]",0,0,10000,10000,Eating,5,dcpt_video_6c_v1,true,1.000000,video_features_v1/08_P21_20231207_15_22_36_12.npz::valid_mask,video_features_v1/08_P21_20231207_15_22_36_12.npz,"[10, 512]",float32,torchvision_r3d_18,0.24.1_kinetics400_v1,
08_P21_20231207_15_23_11_10,video,P21,P21_20231207_1523_11,test,"[""Upper_body_video_08/08_P21_20231207_15_23_11_10.mp4""]",0,0,10000,10000,Eating,5,dcpt_video_6c_v1,true,1.000000,video_features_v1/08_P21_20231207_15_23_11_10.npz::valid_mask,video_features_v1/08_P21_20231207_15_23_11_10.npz,"[10, 512]",float32,torchvision_r3d_18,0.24.1_kinetics400_v1,
08_P22_20231207_16_25_20_29,video,P22,P22_20231207_1625_20,train,"[""Upper_body_video_08/08_P22_20231207_16_25_20_29.mp4""]",0,0,10000,10000,Eating,5,dcpt_video_6c_v1,true,1.000000,video_features_v1/08_P22_20231207_16_25_20_29.npz::valid_mask,video_features_v1/08_P22_20231207_16_25_20_29.npz,"[10, 512]",float32,torchvision_r3d_18,0.24.1_kinetics400_v1,
08_P22_20231207_16_27_06_34,video,P22,P22_20231207_1627_06,train,"[""Upper_body_video_08/08_P22_20231207_16_27_06_34.mp4""]",0,0,10000,10000,Eating,5,dcpt_video_6c_v1,true,1.000000,video_features_v1/08_P22_20231207_16_27_06_34.npz::valid_mask,video_features_v1/08_P22_20231207_16_27_06_34.npz,"[10, 512]",float32,torchvision_r3d_18,0.24.1_kinetics400_v1,
08_P22_20231207_16_28_34_24,video,P22,P22_20231207_1628_34,train,"[""Upper_body_video_08/08_P22_20231207_16_28_34_24.mp4""]",0,0,10000,10000,Eating,5,dcpt_video_6c_v1,false,0.900000,video_features_v1/08_P22_20231207_16_28_34_24.npz::valid_mask,video_features_v1/08_P22_20231207_16_28_34_24.npz,"[10, 512]",float32,torchvision_r3d_18,0.24.1_kinetics400_v1,coverage_below_0.95
08_P23_20231208_10_00_17_62,video,P23,P23_20231208_1000_17,train,"[""Upper_body_video_08/08_P23_20231208_10_00_17_62.mp4""]",0,0,10000,10000,Eating,5,dcpt_video_6c_v1,true,1.000000,video_features_v1/08_P23_20231208_10_00_17_62.npz::valid_mask,video_features_v1/08_P23_20231208_10_00_17_62.npz,"[10, 512]",float32,torchvision_r3d_18,0.24.1_kinetics400_v1,
08_P23_20231208_10_06_42_31,video,P23,P23_20231208_1006_42,train,"[""Upper_body_video_08/08_P23_20231208_10_06_42_31.mp4""]",0,0,10000,10000,Eating,5,dcpt_video_6c_v1,true,1.000000,video_features_v1/08_P23_20231208_10_06_42_31.npz::valid_mask,video_features_v1/08_P23_20231208_10_06_42_31.npz,"[10, 512]",float32,torchvision_r3d_18,0.24.1_kinetics400_v1,
08_P24_20231208_15_27_17_22,video,P24,P24_20231208_1527_17,train,"[""Upper_body_video_08/08_P24_20231208_15_27_17_22.mp4""]",0,0,10000,10000,Eating,5,dcpt_video_6c_v1,true,1.000000,video_features_v1/08_P24_20231208_15_27_17_22.npz::valid_mask,video_features_v1/08_P24_20231208_15_27_17_22.npz,"[10, 512]",float32,torchvision_r3d_18,0.24.1_kinetics400_v1,
08_P24_20231208_15_28_17_17,video,P24,P24_20231208_1528_17,train,"[""Upper_body_video_08/08_P24_20231208_15_28_17_17.mp4""]",0,0,10000,10000,Eating,5,dcpt_video_6c_v1,true,1.000000,video_features_v1/08_P24_20231208_15_28_17_17.npz::valid_mask,video_features_v1/08_P24_20231208_15_28_17_17.npz,"[10, 512]",float32,torchvision_r3d_18,0.24.1_kinetics400_v1,
08_P24_20231208_15_29_20_20,video,P24,P24_20231208_1529_20,train,"[""Upper_body_video_08/08_P24_20231208_15_29_20_20.mp4""]",0,0,10000,10000,Eating,5,dcpt_video_6c_v1,true,1.000000,video_features_v1/08_P24_20231208_15_29_20_20.npz::valid_mask,video_features_v1/08_P24_20231208_15_29_20_20.npz,"[10, 512]",float32,torchvision_r3d_18,0.24.1_kinetics400_v1,
08_P25_20231208_16_19_42_32,video,P25,P25_20231208_1619_42,train,"[""Upper_body_video_08/08_P25_20231208_16_19_42_32.mp4""]",0,0,10000,10000,Eating,5,dcpt_video_6c_v1,true,1.000000,video_features_v1/08_P25_20231208_16_19_42_32.npz::valid_mask,video_features_v1/08_P25_20231208_16_19_42_32.npz,"[10, 512]",float32,torchvision_r3d_18,0.24.1_kinetics400_v1,
08_P25_20231208_16_21_01_21,video,P25,P25_20231208_1621_01,train,"[""Upper_body_video_08/08_P25_20231208_16_21_01_21.mp4""]",0,0,10000,10000,Eating,5,dcpt_video_6c_v1,true,1.000000,video_features_v1/08_P25_20231208_16_21_01_21.npz::valid_mask,video_features_v1/08_P25_20231208_16_21_01_21.npz,"[10, 512]",float32,torchvision_r3d_18,0.24.1_kinetics400_v1,
08_P25_20231208_16_22_36_20,video,P25,P25_20231208_1622_36,train,"[""Upper_body_video_08/08_P25_20231208_16_22_36_20.mp4""]",0,0,10000,10000,Eating,5,dcpt_video_6c_v1,true,1.000000,video_features_v1/08_P25_20231208_16_22_36_20.npz::valid_mask,video_features_v1/08_P25_20231208_16_22_36_20.npz,"[10, 512]",float32,torchvision_r3d_18,0.24.1_kinetics400_v1,
08_P26_20231208_19_31_23_29,video,P26,P26_20231208_1931_23,train,"[""Upper_body_video_08/08_P26_20231208_19_31_23_29.mp4""]",0,0,10000,10000,Eating,5,dcpt_video_6c_v1,true,1.000000,video_features_v1/08_P26_20231208_19_31_23_29.npz::valid_mask,video_features_v1/08_P26_20231208_19_31_23_29.npz,"[10, 512]",float32,torchvision_r3d_18,0.24.1_kinetics400_v1,
08_P26_20231208_19_32_44_26,video,P26,P26_20231208_1932_44,train,"[""Upper_body_video_08/08_P26_20231208_19_32_44_26.mp4""]",0,0,10000,10000,Eating,5,dcpt_video_6c_v1,true,1.000000,video_features_v1/08_P26_20231208_19_32_44_26.npz::valid_mask,video_features_v1/08_P26_20231208_19_32_44_26.npz,"[10, 512]",float32,torchvision_r3d_18,0.24.1_kinetics400_v1,
08_P26_20231208_19_33_49_20,video,P26,P26_20231208_1933_49,train,"[""Upper_body_video_08/08_P26_20231208_19_33_49_20.mp4""]",0,0,10000,10000,Eating,5,dcpt_video_6c_v1,true,1.000000,video_features_v1/08_P26_20231208_19_33_49_20.npz::valid_mask,video_features_v1/08_P26_20231208_19_33_49_20.npz,"[10, 512]",float32,torchvision_r3d_18,0.24.1_kinetics400_v1,
08_P27_20231226_15_02_38_31,video,P27,P27_20231226_1502_38,test,"[""Upper_body_video_08/08_P27_20231226_15_02_38_31.mp4""]",0,0,10000,10000,Eating,5,dcpt_video_6c_v1,true,1.000000,video_features_v1/08_P27_20231226_15_02_38_31.npz::valid_mask,video_features_v1/08_P27_20231226_15_02_38_31.npz,"[10, 512]",float32,torchvision_r3d_18,0.24.1_kinetics400_v1,
08_P27_20231226_15_03_46_30,video,P27,P27_20231226_1503_46,test,"[""Upper_body_video_08/08_P27_20231226_15_03_46_30.mp4""]",0,0,10000,10000,Eating,5,dcpt_video_6c_v1,true,1.000000,video_features_v1/08_P27_20231226_15_03_46_30.npz::valid_mask,video_features_v1/08_P27_20231226_15_03_46_30.npz,"[10, 512]",float32,torchvision_r3d_18,0.24.1_kinetics400_v1,
08_P27_20231226_15_05_01_32,video,P27,P27_20231226_1505_01,test,"[""Upper_body_video_08/08_P27_20231226_15_05_01_32.mp4""]",0,0,10000,10000,Eating,5,dcpt_video_6c_v1,true,1.000000,video_features_v1/08_P27_20231226_15_05_01_32.npz::valid_mask,video_features_v1/08_P27_20231226_15_05_01_32.npz,"[10, 512]",float32,torchvision_r3d_18,0.24.1_kinetics400_v1,
08_P28_20231226_16_15_57_17,video,P28,P28_20231226_1615_57,train,"[""Upper_body_video_08/08_P28_20231226_16_15_57_17.mp4""]",0,0,10000,10000,Eating,5,dcpt_video_6c_v1,true,1.000000,video_features_v1/08_P28_20231226_16_15_57_17.npz::valid_mask,video_features_v1/08_P28_20231226_16_15_57_17.npz,"[10, 512]",float32,torchvision_r3d_18,0.24.1_kinetics400_v1,
08_P28_20231226_16_17_24_13,video,P28,P28_20231226_1617_24,train,"[""Upper_body_video_08/08_P28_20231226_16_17_24_13.mp4""]",0,0,10000,10000,Eating,5,dcpt_video_6c_v1,true,1.000000,video_features_v1/08_P28_20231226_16_17_24_13.npz::valid_mask,video_features_v1/08_P28_20231226_16_17_24_13.npz,"[10, 512]",float32,torchvision_r3d_18,0.24.1_kinetics400_v1,
08_P28_20231226_16_18_18_17,video,P28,P28_20231226_1618_18,train,"[""Upper_body_video_08/08_P28_20231226_16_18_18_17.mp4""]",0,0,10000,10000,Eating,5,dcpt_video_6c_v1,true,1.000000,video_features_v1/08_P28_20231226_16_18_18_17.npz::valid_mask,video_features_v1/08_P28_20231226_16_18_18_17.npz,"[10, 512]",float32,torchvision_r3d_18,0.24.1_kinetics400_v1,
08_P29_20231229_09_28_13_15,video,P29,P29_20231229_0928_13,val,"[""Upper_body_video_08/08_P29_20231229_09_28_13_15.mp4""]",0,0,10000,10000,Eating,5,dcpt_video_6c_v1,true,1.000000,video_features_v1/08_P29_20231229_09_28_13_15.npz::valid_mask,video_features_v1/08_P29_20231229_09_28_13_15.npz,"[10, 512]",float32,torchvision_r3d_18,0.24.1_kinetics400_v1,
08_P29_20231229_09_29_13_21,video,P29,P29_20231229_0929_13,val,"[""Upper_body_video_08/08_P29_20231229_09_29_13_21.mp4""]",0,0,10000,10000,Eating,5,dcpt_video_6c_v1,true,1.000000,video_features_v1/08_P29_20231229_09_29_13_21.npz::valid_mask,video_features_v1/08_P29_20231229_09_29_13_21.npz,"[10, 512]",float32,torchvision_r3d_18,0.24.1_kinetics400_v1,
08_P29_20231229_09_30_32_21,video,P29,P29_20231229_0930_32,val,"[""Upper_body_video_08/08_P29_20231229_09_30_32_21.mp4""]",0,0,10000,10000,Eating,5,dcpt_video_6c_v1,true,1.000000,video_features_v1/08_P29_20231229_09_30_32_21.npz::valid_mask,video_features_v1/08_P29_20231229_09_30_32_21.npz,"[10, 512]",float32,torchvision_r3d_18,0.24.1_kinetics400_v1,
08_P30_20231229_14_59_03_42,video,P30,P30_20231229_1459_03,train,"[""Upper_body_video_08/08_P30_20231229_14_59_03_42.mp4""]",0,0,10000,10000,Eating,5,dcpt_video_6c_v1,true,1.000000,video_features_v1/08_P30_20231229_14_59_03_42.npz::valid_mask,video_features_v1/08_P30_20231229_14_59_03_42.npz,"[10, 512]",float32,torchvision_r3d_18,0.24.1_kinetics400_v1,
08_P30_20231229_15_00_16_31,video,P30,P30_20231229_1500_16,train,"[""Upper_body_video_08/08_P30_20231229_15_00_16_31.mp4""]",0,0,10000,10000,Eating,5,dcpt_video_6c_v1,true,1.000000,video_features_v1/08_P30_20231229_15_00_16_31.npz::valid_mask,video_features_v1/08_P30_20231229_15_00_16_31.npz,"[10, 512]",float32,torchvision_r3d_18,0.24.1_kinetics400_v1,
08_P30_20231229_15_01_22_36,video,P30,P30_20231229_1501_22,train,"[""Upper_body_video_08/08_P30_20231229_15_01_22_36.mp4""]",0,0,10000,10000,Eating,5,dcpt_video_6c_v1,true,1.000000,video_features_v1/08_P30_20231229_15_01_22_36.npz::valid_mask,video_features_v1/08_P30_20231229_15_01_22_36.npz,"[10, 512]",float32,torchvision_r3d_18,0.24.1_kinetics400_v1,
08_P31_20231229_16_22_43_83,video,P31,P31_20231229_1622_43,train,"[""Upper_body_video_08/08_P31_20231229_16_22_43_83.mp4""]",0,0,10000,10000,Eating,5,dcpt_video_6c_v1,true,1.000000,video_features_v1/08_P31_20231229_16_22_43_83.npz::valid_mask,video_features_v1/08_P31_20231229_16_22_43_83.npz,"[10, 512]",float32,torchvision_r3d_18,0.24.1_kinetics400_v1,
08_P31_20231229_16_23_59_37,video,P31,P31_20231229_1623_59,train,"[""Upper_body_video_08/08_P31_20231229_16_23_59_37.mp4""]",0,0,10000,10000,Eating,5,dcpt_video_6c_v1,true,1.000000,video_features_v1/08_P31_20231229_16_23_59_37.npz::valid_mask,video_features_v1/08_P31_20231229_16_23_59_37.npz,"[10, 512]",float32,torchvision_r3d_18,0.24.1_kinetics400_v1,
08_P31_20231229_16_25_32_44,video,P31,P31_20231229_1625_32,train,"[""Upper_body_video_08/08_P31_20231229_16_25_32_44.mp4""]",0,0,10000,10000,Eating,5,dcpt_video_6c_v1,true,1.000000,video_features_v1/08_P31_20231229_16_25_32_44.npz::valid_mask,video_features_v1/08_P31_20231229_16_25_32_44.npz,"[10, 512]",float32,torchvision_r3d_18,0.24.1_kinetics400_v1,
08_P32_20231229_19_24_36_22,video,P32,P32_20231229_1924_36,test,"[""Upper_body_video_08/08_P32_20231229_19_24_36_22.mp4""]",0,0,10000,10000,Eating,5,dcpt_video_6c_v1,true,1.000000,video_features_v1/08_P32_20231229_19_24_36_22.npz::valid_mask,video_features_v1/08_P32_20231229_19_24_36_22.npz,"[10, 512]",float32,torchvision_r3d_18,0.24.1_kinetics400_v1,
08_P32_20231229_19_25_37_29,video,P32,P32_20231229_1925_37,test,"[""Upper_body_video_08/08_P32_20231229_19_25_37_29.mp4""]",0,0,10000,10000,Eating,5,dcpt_video_6c_v1,true,1.000000,video_features_v1/08_P32_20231229_19_25_37_29.npz::valid_mask,video_features_v1/08_P32_20231229_19_25_37_29.npz,"[10, 512]",float32,torchvision_r3d_18,0.24.1_kinetics400_v1,
08_P32_20231229_19_27_20_16,video,P32,P32_20231229_1927_20,test,"[""Upper_body_video_08/08_P32_20231229_19_27_20_16.mp4""]",0,0,10000,10000,Eating,5,dcpt_video_6c_v1,true,1.000000,video_features_v1/08_P32_20231229_19_27_20_16.npz::valid_mask,video_features_v1/08_P32_20231229_19_27_20_16.npz,"[10, 512]",float32,torchvision_r3d_18,0.24.1_kinetics400_v1,
08_P33_20240108_16_25_27_23,video,P33,P33_20240108_1625_27,test,"[""Upper_body_video_08/08_P33_20240108_16_25_27_23.mp4""]",0,0,10000,10000,Eating,5,dcpt_video_6c_v1,true,1.000000,video_features_v1/08_P33_20240108_16_25_27_23.npz::valid_mask,video_features_v1/08_P33_20240108_16_25_27_23.npz,"[10, 512]",float32,torchvision_r3d_18,0.24.1_kinetics400_v1,
08_P33_20240108_16_26_16_25,video,P33,P33_20240108_1626_16,test,"[""Upper_body_video_08/08_P33_20240108_16_26_16_25.mp4""]",0,0,10000,10000,Eating,5,dcpt_video_6c_v1,true,1.000000,video_features_v1/08_P33_20240108_16_26_16_25.npz::valid_mask,video_features_v1/08_P33_20240108_16_26_16_25.npz,"[10, 512]",float32,torchvision_r3d_18,0.24.1_kinetics400_v1,
08_P33_20240108_16_27_05_33,video,P33,P33_20240108_1627_05,test,"[""Upper_body_video_08/08_P33_20240108_16_27_05_33.mp4""]",0,0,10000,10000,Eating,5,dcpt_video_6c_v1,true,1.000000,video_features_v1/08_P33_20240108_16_27_05_33.npz::valid_mask,video_features_v1/08_P33_20240108_16_27_05_33.npz,"[10, 512]",float32,torchvision_r3d_18,0.24.1_kinetics400_v1,
08_P34_20240108_15_05_52_14,video,P34,P34_20240108_1505_52,val,"[""Upper_body_video_08/08_P34_20240108_15_05_52_14.mp4""]",0,0,10000,10000,Eating,5,dcpt_video_6c_v1,true,1.000000,video_features_v1/08_P34_20240108_15_05_52_14.npz::valid_mask,video_features_v1/08_P34_20240108_15_05_52_14.npz,"[10, 512]",float32,torchvision_r3d_18,0.24.1_kinetics400_v1,
08_P34_20240108_15_07_43_15,video,P34,P34_20240108_1507_43,val,"[""Upper_body_video_08/08_P34_20240108_15_07_43_15.mp4""]",0,0,10000,10000,Eating,5,dcpt_video_6c_v1,true,1.000000,video_features_v1/08_P34_20240108_15_07_43_15.npz::valid_mask,video_features_v1/08_P34_20240108_15_07_43_15.npz,"[10, 512]",float32,torchvision_r3d_18,0.24.1_kinetics400_v1,
08_P34_20240108_15_09_28_13,video,P34,P34_20240108_1509_28,val,"[""Upper_body_video_08/08_P34_20240108_15_09_28_13.mp4""]",0,0,10000,10000,Eating,5,dcpt_video_6c_v1,true,1.000000,video_features_v1/08_P34_20240108_15_09_28_13.npz::valid_mask,video_features_v1/08_P34_20240108_15_09_28_13.npz,"[10, 512]",float32,torchvision_r3d_18,0.24.1_kinetics400_v1,
08_P35_20240109_09_49_06_16,video,P35,P35_20240109_0949_06,train,"[""Upper_body_video_08/08_P35_20240109_09_49_06_16.mp4""]",0,0,10000,10000,Eating,5,dcpt_video_6c_v1,true,1.000000,video_features_v1/08_P35_20240109_09_49_06_16.npz::valid_mask,video_features_v1/08_P35_20240109_09_49_06_16.npz,"[10, 512]",float32,torchvision_r3d_18,0.24.1_kinetics400_v1,
08_P35_20240109_09_50_49_18,video,P35,P35_20240109_0950_49,train,"[""Upper_body_video_08/08_P35_20240109_09_50_49_18.mp4""]",0,0,10000,10000,Eating,5,dcpt_video_6c_v1,true,1.000000,video_features_v1/08_P35_20240109_09_50_49_18.npz::valid_mask,video_features_v1/08_P35_20240109_09_50_49_18.npz,"[10, 512]",float32,torchvision_r3d_18,0.24.1_kinetics400_v1,
08_P35_20240109_09_51_37_20,video,P35,P35_20240109_0951_37,train,"[""Upper_body_video_08/08_P35_20240109_09_51_37_20.mp4""]",0,0,10000,10000,Eating,5,dcpt_video_6c_v1,true,1.000000,video_features_v1/08_P35_20240109_09_51_37_20.npz::valid_mask,video_features_v1/08_P35_20240109_09_51_37_20.npz,"[10, 512]",float32,torchvision_r3d_18,0.24.1_kinetics400_v1,
08_P36_20240109_17_15_40_15,video,P36,P36_20240109_1715_40,train,"[""Upper_body_video_08/08_P36_20240109_17_15_40_15.mp4""]",0,0,10000,10000,Eating,5,dcpt_video_6c_v1,true,1.000000,video_features_v1/08_P36_20240109_17_15_40_15.npz::valid_mask,video_features_v1/08_P36_20240109_17_15_40_15.npz,"[10, 512]",float32,torchvision_r3d_18,0.24.1_kinetics400_v1,
08_P36_20240109_17_17_18_16,video,P36,P36_20240109_1717_18,train,"[""Upper_body_video_08/08_P36_20240109_17_17_18_16.mp4""]",0,0,10000,10000,Eating,5,dcpt_video_6c_v1,true,1.000000,video_features_v1/08_P36_20240109_17_17_18_16.npz::valid_mask,video_features_v1/08_P36_20240109_17_17_18_16.npz,"[10, 512]",float32,torchvision_r3d_18,0.24.1_kinetics400_v1,
08_P36_20240109_17_18_37_16,video,P36,P36_20240109_1718_37,train,"[""Upper_body_video_08/08_P36_20240109_17_18_37_16.mp4""]",0,0,10000,10000,Eating,5,dcpt_video_6c_v1,true,1.000000,video_features_v1/08_P36_20240109_17_18_37_16.npz::valid_mask,video_features_v1/08_P36_20240109_17_18_37_16.npz,"[10, 512]",float32,torchvision_r3d_18,0.24.1_kinetics400_v1,
08_P37_20240109_19_19_49_34,video,P37,P37_20240109_1919_49,train,"[""Upper_body_video_08/08_P37_20240109_19_19_49_34.mp4""]",0,0,10000,10000,Eating,5,dcpt_video_6c_v1,true,1.000000,video_features_v1/08_P37_20240109_19_19_49_34.npz::valid_mask,video_features_v1/08_P37_20240109_19_19_49_34.npz,"[10, 512]",float32,torchvision_r3d_18,0.24.1_kinetics400_v1,
08_P37_20240109_19_21_40_15,video,P37,P37_20240109_1921_40,train,"[""Upper_body_video_08/08_P37_20240109_19_21_40_15.mp4""]",0,0,10000,10000,Eating,5,dcpt_video_6c_v1,true,1.000000,video_features_v1/08_P37_20240109_19_21_40_15.npz::valid_mask,video_features_v1/08_P37_20240109_19_21_40_15.npz,"[10, 512]",float32,torchvision_r3d_18,0.24.1_kinetics400_v1,
08_P37_20240109_19_22_58_29,video,P37,P37_20240109_1922_58,train,"[""Upper_body_video_08/08_P37_20240109_19_22_58_29.mp4""]",0,0,10000,10000,Eating,5,dcpt_video_6c_v1,true,1.000000,video_features_v1/08_P37_20240109_19_22_58_29.npz::valid_mask,video_features_v1/08_P37_20240109_19_22_58_29.npz,"[10, 512]",float32,torchvision_r3d_18,0.24.1_kinetics400_v1,
08_P38_20240110_14_51_59_23,video,P38,P38_20240110_1451_59,test,"[""Upper_body_video_08/08_P38_20240110_14_51_59_23.mp4""]",0,0,10000,10000,Eating,5,dcpt_video_6c_v1,true,1.000000,video_features_v1/08_P38_20240110_14_51_59_23.npz::valid_mask,video_features_v1/08_P38_20240110_14_51_59_23.npz,"[10, 512]",float32,torchvision_r3d_18,0.24.1_kinetics400_v1,
08_P38_20240110_14_53_22_21,video,P38,P38_20240110_1453_22,test,"[""Upper_body_video_08/08_P38_20240110_14_53_22_21.mp4""]",0,0,10000,10000,Eating,5,dcpt_video_6c_v1,true,1.000000,video_features_v1/08_P38_20240110_14_53_22_21.npz::valid_mask,video_features_v1/08_P38_20240110_14_53_22_21.npz,"[10, 512]",float32,torchvision_r3d_18,0.24.1_kinetics400_v1,
08_P38_20240110_14_54_39_14,video,P38,P38_20240110_1454_39,test,"[""Upper_body_video_08/08_P38_20240110_14_54_39_14.mp4""]",0,0,10000,10000,Eating,5,dcpt_video_6c_v1,true,1.000000,video_features_v1/08_P38_20240110_14_54_39_14.npz::valid_mask,video_features_v1/08_P38_20240110_14_54_39_14.npz,"[10, 512]",float32,torchvision_r3d_18,0.24.1_kinetics400_v1,
08_P39_20240110_16_02_59_40,video,P39,P39_20240110_1602_59,train,"[""Upper_body_video_08/08_P39_20240110_16_02_59_40.mp4""]",0,0,10000,10000,Eating,5,dcpt_video_6c_v1,true,1.000000,video_features_v1/08_P39_20240110_16_02_59_40.npz::valid_mask,video_features_v1/08_P39_20240110_16_02_59_40.npz,"[10, 512]",float32,torchvision_r3d_18,0.24.1_kinetics400_v1,
08_P39_20240110_16_04_10_28,video,P39,P39_20240110_1604_10,train,"[""Upper_body_video_08/08_P39_20240110_16_04_10_28.mp4""]",0,0,10000,10000,Eating,5,dcpt_video_6c_v1,true,1.000000,video_features_v1/08_P39_20240110_16_04_10_28.npz::valid_mask,video_features_v1/08_P39_20240110_16_04_10_28.npz,"[10, 512]",float32,torchvision_r3d_18,0.24.1_kinetics400_v1,
08_P39_20240110_16_05_01_11,video,P39,P39_20240110_1605_01,train,"[""Upper_body_video_08/08_P39_20240110_16_05_01_11.mp4""]",0,0,10000,10000,Eating,5,dcpt_video_6c_v1,true,1.000000,video_features_v1/08_P39_20240110_16_05_01_11.npz::valid_mask,video_features_v1/08_P39_20240110_16_05_01_11.npz,"[10, 512]",float32,torchvision_r3d_18,0.24.1_kinetics400_v1,
08_P40_20240110_17_28_33_20,video,P40,P40_20240110_1728_33,val,"[""Upper_body_video_08/08_P40_20240110_17_28_33_20.mp4""]",0,0,10000,10000,Eating,5,dcpt_video_6c_v1,true,1.000000,video_features_v1/08_P40_20240110_17_28_33_20.npz::valid_mask,video_features_v1/08_P40_20240110_17_28_33_20.npz,"[10, 512]",float32,torchvision_r3d_18,0.24.1_kinetics400_v1,
08_P40_20240110_17_29_54_24,video,P40,P40_20240110_1729_54,val,"[""Upper_body_video_08/08_P40_20240110_17_29_54_24.mp4""]",0,0,10000,10000,Eating,5,dcpt_video_6c_v1,true,1.000000,video_features_v1/08_P40_20240110_17_29_54_24.npz::valid_mask,video_features_v1/08_P40_20240110_17_29_54_24.npz,"[10, 512]",float32,torchvision_r3d_18,0.24.1_kinetics400_v1,
08_P40_20240110_17_30_44_20,video,P40,P40_20240110_1730_44,val,"[""Upper_body_video_08/08_P40_20240110_17_30_44_20.mp4""]",0,0,10000,10000,Eating,5,dcpt_video_6c_v1,true,1.000000,video_features_v1/08_P40_20240110_17_30_44_20.npz::valid_mask,video_features_v1/08_P40_20240110_17_30_44_20.npz,"[10, 512]",float32,torchvision_r3d_18,0.24.1_kinetics400_v1,
